DECL|theorem|Riemann.Capacity.inverseMassTrace.eq_1
DECL|definition|Riemann.CCM.FullSimpleEvenData.noConfusionType
DECL|theorem|Riemann.Arithmetic.primeWeight_pow_eq_zero
DECL|theorem|Riemann.CCM.FullSimpleEvenData.shifted_selfadjoint
DECL|theorem|Riemann.CCM.InverseEnergyData.symmetric_pairing
DECL|theorem|Riemann.Analysis.FiniteWindow.nativeGammaCompression._proof_14
DECL|theorem|Riemann.CCM.Native.canonicalNativeGraphData_highPencil
DECL|theorem|Riemann.Basic.PositiveSchur.firstBlock._proof_1
DECL|theorem|Riemann.Basic.PositiveSchur.Data.mk.inj
DECL|definition|Riemann.Analysis.FiniteWindow.sumCoefficients
DECL|theorem|Riemann.Analysis.HalfLine.smoothingOperator._proof_3
DECL|theorem|Riemann.CCM.FullSimpleEvenData.boundaryCompressionEquiv._proof_1
DECL|theorem|Riemann.Analysis.HalfLine.rawPartialSum.eq_1
DECL|theorem|Riemann.metricSymmetric_eigenvalue_real
DECL|theorem|Riemann.Basic.columnMass._proof_6
DECL|theorem|Riemann.Basic.determinant_add_columnRow
DECL|theorem|Riemann.CCM.Native.centeredFourierRow._proof_2
DECL|theorem|Riemann.Analysis.FiniteWindow.hermitianShift_weilOperator
DECL|definition|Riemann.Arithmetic.eulerUnit
DECL|theorem|Riemann.Arithmetic.weightedShift_bound
DECL|theorem|Riemann.Analysis.FiniteWindow.fourierInclusionLinearMap._proof_1
DECL|theorem|Riemann.Basic.positiveInverse_energy_real
DECL|definition|Riemann.Basic.galerkinGramEquiv
DECL|theorem|Riemann.Analysis.FiniteWindow.hermitianShift_entry._simp_1_10
DECL|theorem|Riemann.Basic.PositiveSchur.ThreeData.ofBlocks._proof_6
DECL|theorem|Riemann.Capacity.finite_log_ratio_bounds
DECL|theorem|Riemann.Capacity.inverseMassTrace._proof_2
DECL|definition|Riemann.Capacity.PositivePencil.pencil
DECL|definition|Riemann.Capacity.GraphData.K
DECL|theorem|Riemann.CCM.Native.complexSinc_derivative_identity
DECL|definition|Riemann.Capacity.RankOneBlocks.denominator
DECL|theorem|Riemann.Basic.columnMassSqrtEquiv.congr_simp
DECL|theorem|Riemann.Arithmetic.synthesis_weightedShift_sum._simp_1_1
DECL|definition|Riemann.CCM.InverseEnergyData.determinantRatio
DECL|theorem|Riemann.Analysis.FiniteWindow.nativeGammaCompression._proof_1
DECL|theorem|Riemann.Capacity.block_inverseMassTrace_lower
DECL|theorem|Riemann.Analysis.FiniteWindow.hermitianShift_entry._simp_1_7
DECL|theorem|Riemann.Analysis.FiniteWindow.gammaCurrent_commute
DECL|theorem|Riemann.CCM.Native.latticeTail_zero_eq_hyperbolic._simp_1_7
DECL|theorem|Riemann.CCM.FullSimpleEvenData.oddGraphData._proof_2
DECL|theorem|Riemann.Capacity.GraphData.coupling_trace_lower
DECL|definition|Riemann.CCM.InverseEnergyData.responseEnergy
DECL|theorem|Riemann.CCM.Native.reciprocal_square_le_difference
DECL|theorem|Riemann.CCM.Native.native_boundary_determinant_inverseEnergy
DECL|theorem|Riemann.Analysis.HalfLine.volterra_commute
DECL|theorem|Riemann.CCM.Native.highRealBeta_complex_entry
DECL|theorem|Riemann.Analysis.HalfLine.exponentialFunction_measurable
DECL|theorem|Riemann.CCM.Native.native_fourier_anchor_ne_zero
DECL|definition|Riemann.Capacity.PositivePencil.compress
DECL|theorem|Riemann.Analysis.FiniteWindow.gamma_compensated_integrable
DECL|theorem|Riemann.CCM.Native.native_boundaryCharacteristic_entire
DECL|definition|Riemann.Analysis.FiniteWindow.fourierShiftCompression
DECL|theorem|Riemann.Analysis.FiniteWindow.gammaResolventKernel_integrable
DECL|theorem|Riemann.Analysis.HalfLine.norm_supportProjection_le
DECL|theorem|Riemann.Analysis.HalfLine.cut._proof_1
DECL|definition|Riemann.CCM.InverseEnergyData.freeMean
DECL|definition|Riemann.Capacity.GraphData.metric
DECL|theorem|Riemann.Analysis.GammaCompletion.coe_kernelL1
DECL|definition|Riemann.Basic.PositiveSchur.firstColumn
DECL|theorem|Riemann.positive_energy_pos_on_kernel_orthogonal
DECL|theorem|Riemann.Analysis.GammaCompletion.majorant_integrable
DECL|theorem|Riemann.Analysis.HalfLine.rawEulerGraph._proof_1
DECL|theorem|Riemann.Basic.galerkinGram._proof_4
DECL|theorem|Riemann.Analysis.FiniteWindow.gammaOperator_half_apply
DECL|theorem|Riemann.CCM.Native.displacement_entry._simp_1_5
DECL|theorem|Riemann.CCM.FullSimpleEvenData.mk.inj
DECL|theorem|Riemann.Analysis.FiniteWindow.gammaCurrent_volterra
DECL|inductive|Riemann.Basic.PositiveSchur.ThreeData
DECL|theorem|Riemann.Analysis.FiniteWindow.scaleCoefficients.eq_1
DECL|theorem|Riemann.Analysis.FiniteWindow.mem_generatorDomain_iff
DECL|theorem|Riemann.CCM.Native.oddHighVector_mem._proof_1_1
DECL|theorem|Riemann.Analysis.FiniteWindow.volterraRepresentative_real
DECL|theorem|Riemann.Source.minimumNorm_unique
DECL|theorem|Riemann.Analysis.FiniteWindow.nativeGammaCoefficients.eq_1
DECL|definition|Riemann.Analysis.GammaCompletion.baseDerivative
DECL|theorem|Riemann.Analysis.HalfLine.rawBoxScalar_error_envelope
DECL|theorem|Riemann.CCM.FullSimpleEvenData.boundarySection_norm_sq
DECL|definition|Riemann.CCM.Native.Coefficients._sizeOf_1
DECL|theorem|Riemann.Analysis.FiniteWindow.compensatedShift._proof_4
DECL|theorem|Riemann.CCM.FullSimpleEvenData.constant_bright
DECL|theorem|Riemann.CCM.constantModeExample._proof_4
DECL|theorem|Riemann.CCM.Native.ofMatrix_selfadjoint
DECL|theorem|Riemann.CCM.FullSimpleEvenData.boundaryInverse_eq_positive_inverse
DECL|theorem|Riemann.CCM.FullSimpleEvenData.instAddCommGroupGroundComplement._proof_18
DECL|theorem|Riemann.CCM.Native.oddHighProjection._proof_1
DECL|theorem|Riemann.Analysis.HalfLine.completedOperator_preserves_finiteSupport
DECL|theorem|Riemann.CCM.Native.lowHighMerge._proof_2
DECL|theorem|Riemann.Analysis.HalfLine.norm_cut_le
DECL|theorem|Riemann.Analysis.FiniteWindow.integralCoefficients.eq_1
DECL|theorem|Riemann.Analysis.HalfLine.completedCore_finiteInclusion
DECL|theorem|Riemann.Analysis.FiniteWindow.nativeCompression._proof_23
DECL|theorem|Riemann.CCM.Native.oddHighVector_squaredDerivative
DECL|theorem|Riemann.Analysis.FiniteWindow.integral_fourier_summands._simp_1_5
DECL|definition|Riemann.CCM.Native.GroundAdmission.noConfusionType
DECL|theorem|Riemann.Analysis.FiniteWindow.compensatedIntegral.congr_simp
DECL|theorem|Riemann.Basic.hasDerivAt_L1_of_dominated_lip._simp_1_4
DECL|theorem|Riemann.Capacity.GraphData.graphChange._abel_2
DECL|theorem|Riemann.CCM.Native.ground_derivative_odd_inverse
DECL|definition|Riemann.Analysis.FiniteWindow.addCoefficients
DECL|theorem|Riemann.Arithmetic.nativePrimeFactor._proof_1
DECL|theorem|Riemann.Analysis.FiniteWindow.nativeGammaCompression_eq
DECL|theorem|Riemann.Basic.hasDerivAt_operator_affine
DECL|theorem|Riemann.CCM.FullSimpleEvenData.oddGraphData._proof_5
DECL|definition|Riemann.CCM.InverseEnergyData.ctorIdx
DECL|theorem|Riemann.Source.gramEquiv._proof_2
DECL|constructor|Riemann.Capacity.GraphData.mk
DECL|theorem|Riemann.Basic.galerkinResponse.congr_simp
DECL|definition|Riemann.Analysis.FiniteWindow.gammaOperator
DECL|definition|Riemann.CCM.InverseEnergyData.boundaryCorrection
DECL|theorem|Riemann.CCM.Native.phased_sinc._simp_1_2
DECL|theorem|Riemann.Analysis.StrongContractionFamily.mk.injEq
DECL|theorem|Riemann.Analysis.HalfLine.unitExponential._proof_1
DECL|theorem|Riemann.Analysis.HalfLine.shiftFamily._proof_2
DECL|theorem|Riemann.CCM.Native.oddHighVector_inner
DECL|theorem|Riemann.Analysis.HalfLine.smoothingOperator_apply
DECL|theorem|Riemann.Analysis.HalfLine.volterra_exponential._simp_1_6
DECL|theorem|Riemann.CCM.InverseEnergyData.capacity_energy_bounds
DECL|theorem|Riemann.CCM.FullSimpleEvenData.corrected._proof_8
DECL|theorem|Riemann.Analysis.HalfLine.rawEuler_finiteInclusion
DECL|theorem|Riemann.CCM.Native.latticeTail_zero_eq_hyperbolic._simp_1_5
DECL|recursor|Riemann.Capacity.PositivePencil.rec
DECL|theorem|Riemann.CCM.InverseEnergyData.highMean_inverseEnergy_identity
DECL|theorem|Riemann.Analysis.FiniteWindow.tanh_half_exp
DECL|theorem|Riemann.Analysis.FiniteWindow.nativePrime_weilOperator
DECL|theorem|Riemann.Analysis.HalfLine.finiteInclusion._proof_5
DECL|theorem|Riemann.CCM.Native.highCoordinate_det_eq
DECL|theorem|Riemann.Analysis.HalfLine.criticalKernel._proof_2
DECL|theorem|Riemann.CCM.FullSimpleEvenData.corrected._proof_1
DECL|definition|Riemann.Arithmetic.weightedShift
DECL|theorem|Riemann.CCM.Native.displacement_entry._simp_1_1
DECL|definition|Riemann.Capacity.inverseMassTrace
DECL|theorem|Riemann.Analysis.GammaCompletion.hasDerivAt_half_log._simp_1_4
DECL|theorem|Riemann.CCM.FullSimpleEvenData.oddGraphData._proof_20
DECL|theorem|Riemann.CCM.Native.integral_fourierFunction_centered._simp_1_4
DECL|theorem|Riemann.Capacity.PositivePencil.pencil_symmetric
DECL|definition|Riemann.CCM.Native.centeredFourierObservation
DECL|definition|Riemann.CCM.Native.realHighCoordinates
DECL|theorem|Riemann.Analysis.FiniteWindow.gammaOperator._proof_4
DECL|definition|Riemann.Capacity.GraphData.liftedPencil
DECL|theorem|Riemann.CCM.Native.highSynthesis_mem
DECL|theorem|Riemann.Analysis.HalfLine.rawGraphDefect._proof_4
DECL|theorem|Riemann.Analysis.FiniteWindow.compensatedIntegral._proof_15
DECL|definition|Riemann.Capacity.GraphData.graphOperator
DECL|theorem|Riemann.Analysis.StrongContractionFamily.integration._proof_1
DECL|theorem|Riemann.Analysis.FiniteWindow.completedSource_unique
DECL|definition|Riemann.Basic.PositiveSchur.ThreeData._sizeOf_inst
DECL|theorem|Riemann.CCM.FullSimpleEvenData.oddGraphData._proof_14
DECL|theorem|Riemann.Capacity.lowIncl._proof_2
DECL|theorem|Riemann.CCM.FullSimpleEvenData.corrected_kills_kernel
DECL|theorem|Riemann.CCM.Native.ofMatrix._proof_1
DECL|definition|Riemann.CCM.InverseEnergyData.A
DECL|definition|Riemann.Capacity.GraphData.pencilBlocks
DECL|theorem|Riemann.Analysis.FiniteWindow.fourierShiftCompression._proof_3
DECL|theorem|Riemann.CCM.Native.nativeInverseEnergyData.eq_1
DECL|theorem|Riemann.CCM.Native.Coefficients.mk.injEq
DECL|theorem|Riemann.Basic.PositiveSchur.Data.selfA
DECL|theorem|Riemann.Source.source_norm_sq_decomposition
DECL|theorem|Riemann.Basic.hasDerivAt_inverseContraction
DECL|theorem|Riemann.Analysis.FiniteWindow.inner_volterra_cross
DECL|theorem|Riemann.Analysis.FiniteWindow.inner_polarVolterra
DECL|theorem|Riemann.Basic.lineProjector_comp
DECL|definition|Riemann.Analysis.GammaCompletion.kernelL1
DECL|theorem|Riemann.Analysis.FiniteWindow.norm_shift_apply_le
DECL|theorem|Riemann.CCM.constantModeExample._proof_15
DECL|theorem|Riemann.Basic.strictlyPositiveEquiv_apply
DECL|theorem|Riemann.CCM.Native.lowFreeOperator._proof_8
DECL|theorem|Riemann.Analysis.FiniteWindow.gammaCurrent_native_formula
DECL|theorem|Riemann.Capacity.endpointCorrectedColumns._proof_3
DECL|theorem|Riemann.Analysis.GammaCompletion.integral_scalar_subtraction
DECL|definition|Riemann.CCM.Native.nativeInverseEnergyData
DECL|theorem|Riemann.CCM.FullSimpleEvenData.shifted._proof_3
DECL|theorem|Riemann.CCM.Native.latticeTail_zero_eq_cot._simp_1_6
DECL|theorem|Riemann.Capacity.columnEnergy._proof_3
DECL|theorem|Riemann.Analysis.HalfLine.rawPartialSum_ae
DECL|theorem|Riemann.Capacity.GraphData.pencilBlocks._proof_9
DECL|theorem|Riemann.Analysis.FiniteWindow.shift_zero
DECL|theorem|Riemann.Analysis.StrongContractionFamily.kernelOperator_commute
DECL|theorem|Riemann.Analysis.GammaCompletion.majorant_nonneg
DECL|theorem|Riemann.Analysis.FiniteWindow.scalarCoefficients.eq_1
DECL|theorem|Riemann.Analysis.FiniteWindow.completedCurrent._proof_1
DECL|theorem|Riemann.CCM.Native.native_highMean_inverseEnergy_identity
DECL|theorem|Riemann.Arithmetic.killedShift_apply
DECL|theorem|Riemann.CCM.Native.ofMatrix._proof_10
DECL|definition|Riemann.Basic.whitenedColumns
DECL|theorem|Riemann.Analysis.FiniteWindow.gammaOperator_apply
DECL|theorem|Riemann.Arithmetic.primeEulerFactor_left_inverse
DECL|theorem|Riemann.CCM.FullSimpleEvenData.groundQuotientEquiv._proof_4
DECL|theorem|Riemann.Analysis.FiniteWindow.killedShift_add
DECL|definition|Riemann.Analysis.FiniteWindow.polarInverse
DECL|definition|Riemann.Basic.PositiveSchur.Data._sizeOf_1
DECL|theorem|Riemann.Capacity.GraphData.fullPencil._proof_1
DECL|theorem|Riemann.Basic.positivePair_spectral_representation._simp_1_7
DECL|theorem|Riemann.Capacity.lowIncl_apply
DECL|theorem|Riemann.Capacity.RankOneBlocks.theta_pos
DECL|theorem|Riemann.Capacity.RankOneBlocks.denominator_pos
DECL|theorem|Riemann.CCM.Native.displacement_entry
DECL|theorem|Riemann.Capacity.PositivePencil.mk.sizeOf_spec
DECL|theorem|Riemann.CCM.InverseEnergyData.boundaryCorrection_lt_one
DECL|theorem|Riemann.Analysis.FiniteWindow.adjoint_single_entry
DECL|theorem|Riemann.Analysis.FiniteWindow.compensatedIntegral._proof_2
DECL|theorem|Riemann.Source.gramEquiv_apply
DECL|theorem|Riemann.Analysis.FiniteWindow.nativeGammaIntegrand.eq_1
DECL|theorem|Riemann.Capacity.PositivePencil.mk.inj
DECL|theorem|Riemann.Analysis.HalfLine.rawEuler_no_bounded_extension
DECL|theorem|Riemann.CCM.Native.nativeHighEnergy.eq_1
DECL|theorem|Riemann.Analysis.FiniteWindow.nativeCompletedCoefficients.eq_1
DECL|theorem|Riemann.CCM.Native.mode_difference_ne_zero
DECL|theorem|Riemann.CCM.FullSimpleEvenData.shifted_D_normalizedGround
DECL|theorem|Riemann.CCM.Native.highRealBeta.eq_1
DECL|theorem|Riemann.Basic.physicalCompression_symmetric
DECL|theorem|Riemann.CCM.FullSimpleEvenData.shifted_nonneg
DECL|theorem|Riemann.Analysis.HalfLine.completedOperator_supportTruncation_tendsto
DECL|theorem|Riemann.Analysis.GammaCompletion.hasDerivAt_half_log._simp_1_3
DECL|theorem|Riemann.CCM.FullSimpleEvenData.groundComplementTopologyEquiv._proof_2
DECL|theorem|Riemann.Analysis.HalfLine.shift_exponential
DECL|theorem|Riemann.Capacity.block_inverse_energy_low
DECL|theorem|Riemann.CCM.InverseEnergyData.boundaryCorrection_second_derivative
DECL|theorem|Riemann.Analysis.FiniteWindow.ac_terminal_eq_neg_primitive
DECL|theorem|Riemann.CCM.Native.ofMatrix._proof_9
DECL|theorem|Riemann.CCM.FullSimpleEvenData.oddGraphData._proof_22
DECL|theorem|Riemann.Arithmetic.synthesis_mul._simp_1_1
DECL|definition|Riemann.Analysis.GammaCompletion.alpha
DECL|theorem|Riemann.CCM.Native.latticeTail_le._simp_1_6
DECL|theorem|Riemann.CCM.Native.highMatrixOperator._proof_6
DECL|theorem|Riemann.CCM.InverseEnergyData.B_pos
DECL|definition|Riemann.Basic.PositiveSchur.Data.short
DECL|theorem|Riemann.CCM.Native.oddHighVector_endpointDerivative
DECL|theorem|Riemann.CCM.Native.cot_pair_imaginary._simp_1_4
DECL|theorem|Riemann.Basic.PositiveSchur.Data.mk.sizeOf_spec
DECL|theorem|Riemann.Arithmetic.dirichletWeight.eq_1
DECL|theorem|Riemann.CCM.Native.integral_symmetric_exp
DECL|theorem|Riemann.Source.gramEquiv.congr_simp
DECL|theorem|Riemann.Basic.determinant_sub_columnRow
DECL|theorem|Riemann.Analysis.HalfLine.polarFactor_kills_rawGraphDefect
DECL|theorem|Riemann.CCM.Native.oddHighProjection.eq_1
DECL|definition|Riemann.Basic.columnMassSqrtEquiv
DECL|theorem|Riemann.Analysis.HalfLine.rawEuler_graphClosure_not_linearGraph
DECL|theorem|Riemann.CCM.Native.latticeTail_zero_eq_hyperbolic._simp_1_6
DECL|theorem|Riemann.Basic.positivePair_diagonalization._simp_1_1
DECL|theorem|Riemann.CCM.FullSimpleEvenData.kernel_even
DECL|theorem|Riemann.Capacity.columnEnergy_symmetric
DECL|theorem|Riemann.CCM.FullSimpleEvenData.boundary_observation
DECL|theorem|Riemann.Analysis.FiniteWindow.compensatedOrbit_compression
DECL|theorem|Riemann.Analysis.FiniteWindow.compensatedIntegral._proof_12
DECL|theorem|Riemann.Analysis.FiniteWindow.translated_integral_eq_terminalPrimitive
DECL|theorem|Riemann.Analysis.HalfLine.criticalPolar._proof_2
DECL|theorem|Riemann.Analysis.FiniteWindow.literalColumnMetric._proof_10
DECL|theorem|Riemann.CCM.Native.boundaryCharacteristic_off_lattice
DECL|theorem|Riemann.CCM.FullSimpleEvenData.odd_shifted_positive
DECL|theorem|Riemann.Analysis.FiniteWindow.compensatedIntegral._proof_3
DECL|theorem|Riemann.CCM.FullSimpleEvenData.instModuleComplexGroundComplement._proof_5
DECL|theorem|Riemann.Analysis.FiniteWindow.shiftFamily._proof_1
DECL|theorem|Riemann.Arithmetic.nativeMoebius_sum
DECL|theorem|Riemann.CCM.Native.highSynthesisIsometry._proof_1
DECL|theorem|Riemann.CCM.InverseEnergyData.boundaryNumerator_eq._simp_1_3
DECL|theorem|Riemann.Analysis.HalfLine.rawBoxScalar_main_error
DECL|definition|Riemann.Capacity.RankOneBlocks.theta
DECL|theorem|Riemann.CCM.FullSimpleEvenData.mem_boundaryHyperplane
DECL|theorem|Riemann.Analysis.FiniteWindow.literalSourceColumns_apply
DECL|theorem|Riemann.Capacity.GraphData.capacityWithLattice.eq_1
DECL|theorem|Riemann.Analysis.FiniteWindow.nativeGammaConstant._proof_2
DECL|theorem|Riemann.Analysis.FiniteWindow.gammaCurrent._proof_4
DECL|theorem|Riemann.Arithmetic.shiftCharacter_coe
DECL|theorem|Riemann.Capacity.GraphData.couplingHeight.congr_simp
DECL|theorem|Riemann.Analysis.FiniteWindow.resolventFactor._proof_4
DECL|definition|Riemann.CCM.InverseEnergyData.boundaryVector
DECL|theorem|Riemann.CCM.Native.reflection.eq_1
DECL|theorem|Riemann.Analysis.FiniteWindow.nativeGammaIntegrand._proof_2
DECL|theorem|Riemann.Analysis.FiniteWindow.continuous_volterraRepresentative
DECL|theorem|Riemann.CCM.InverseEnergyData.freePencil_pos
DECL|theorem|Riemann.Basic.columnMass._proof_2
DECL|definition|Riemann.Analysis.HalfLine.arithmeticKernelTerm
DECL|theorem|Riemann.CCM.Native.odd_eq_zero_of_pairings
DECL|theorem|Riemann.Analysis.FiniteWindow.hasDerivAt_completedColumnGram
DECL|definition|Riemann.CCM.FullSimpleEvenData.boundaryHyperplane
DECL|definition|Riemann.Analysis.HalfLine.rawEuler
DECL|theorem|Riemann.CCM.FullSimpleEvenData.boundary_residual_reconstruction._simp_1_1
DECL|theorem|Riemann.CCM.Native.native_displacement._simp_1_8
DECL|theorem|Riemann.CCM.Native.highMatrixOperator._proof_9
DECL|theorem|Riemann.Analysis.GammaCompletion.kernel_half
DECL|definition|Riemann.CCM.Native.endpointVector
DECL|theorem|Riemann.Analysis.FiniteWindow.primeCharacter._proof_1
DECL|theorem|Riemann.CCM.FullSimpleEvenData.corrected_on_boundary_kernel
DECL|theorem|Riemann.Analysis.FiniteWindow.nativeOperator_ext_single
DECL|theorem|Riemann.Analysis.FiniteWindow.primeOperator_commute_shift
DECL|theorem|Riemann.CCM.Native.highMatrixOperator._proof_10
DECL|theorem|_private.Riemann.Analysis.HalfLine.RawEuler.0.Riemann.Analysis.HalfLine.supportRepresentative._proof_1
DECL|definition|Riemann.Analysis.HalfLine.exponential
DECL|theorem|Riemann.CCM.Native.dimensionless_lattice_eq_cot._simp_1_7
DECL|theorem|Riemann.Analysis.HalfLine.exponential.congr_simp
DECL|theorem|Riemann.Basic.mul_complexSinc._simp_1_7
DECL|definition|Riemann.Arithmetic.dirichletWeight
DECL|theorem|Riemann.CCM.FullSimpleEvenData.groundComplementCore._proof_5
DECL|theorem|Riemann.CCM.Native.fullHighIndexEquiv._proof_11
DECL|theorem|Riemann.CCM.Native.mode_injective._proof_1_2
DECL|theorem|Riemann.Analysis.FiniteWindow.nativeCompletedSource._proof_1
DECL|theorem|Riemann.Basic.PositiveSchur.ThreeData.successiveSolution.eq_1
DECL|inductive|Riemann.Analysis.StrongContractionFamily
DECL|theorem|Riemann.Analysis.FiniteWindow.gammaTruncated_volterra
DECL|theorem|Riemann.Basic.PositiveSchur.ThreeData.ofBlocks._proof_3
DECL|theorem|Riemann.Analysis.GammaCompletion.differentiableAt_kernelL1
DECL|theorem|Riemann.Analysis.FiniteWindow.gammaOperator._proof_2
DECL|theorem|Riemann.Analysis.FiniteWindow.gammaTruncated_zero
DECL|theorem|Riemann.Analysis.FiniteWindow.continuous_shift_apply
DECL|theorem|Riemann.CCM.FullSimpleEvenData.groundWeight_pairing
DECL|recursor|Riemann.Basic.PositiveSchur.Data.rec
DECL|theorem|Riemann.Analysis.FiniteWindow.nativeGammaCompression._proof_11
DECL|definition|Riemann.Basic.PositiveSchur.ThreeData.casesOn
DECL|theorem|Riemann.Capacity.PositivePencil.pencil.eq_1
DECL|theorem|Riemann.Analysis.GammaCompletion.baseDerivative_integrable
DECL|theorem|Riemann.CCM.FullSimpleEvenData.groundComplementCore._proof_4
DECL|definition|Riemann.CCM.Native.endpointRow
DECL|theorem|Riemann.Analysis.FiniteWindow.nativeCompletedCompression._proof_2
DECL|theorem|Riemann.Analysis.HalfLine.criticalPolar._proof_6
DECL|theorem|Riemann.CCM.Native.sinc_slope_eq_latticeTail
DECL|theorem|Riemann.Analysis.FiniteWindow.integral_fourier_summands._simp_1_4
DECL|theorem|Riemann.Analysis.FiniteWindow.literalSourceColumns._proof_3
DECL|theorem|Riemann.CCM.FullSimpleEvenData.corrected_ground
DECL|theorem|Riemann.Analysis.HalfLine.completedOperator._proof_4
DECL|theorem|Riemann.Analysis.FiniteWindow.compensatedIntegral._simp_2
DECL|theorem|Riemann.Analysis.FiniteWindow.literalColumnMetric._proof_5
DECL|definition|Riemann.CCM.FullSimpleEvenData.complementCorrected
DECL|theorem|Riemann.Analysis.FiniteWindow.hasDerivAt_literalColumnMetric_inner
DECL|theorem|Riemann.Analysis.FiniteWindow.integrable_supported
DECL|theorem|Riemann.Analysis.FiniteWindow.hasDerivAt_completedColumnGram_current
DECL|theorem|Riemann.Analysis.FiniteWindow.fourierShiftCompression_entry_offDiagonal._simp_1_8
DECL|theorem|Riemann.Basic.matrixContraction._proof_3
DECL|theorem|Riemann.Arithmetic.synthesis_one
DECL|theorem|Riemann.CCM.Native.oddHighVector_negative
DECL|theorem|Riemann.Capacity.PositivePencil.pencil._proof_2
DECL|theorem|Riemann.CCM.Native.highPositiveIndex_injective
DECL|theorem|Riemann.CCM.Native.integral_fourierFunction_centered._simp_1_1
DECL|theorem|Riemann.Analysis.FiniteWindow.compensatedCoefficients._proof_2
DECL|theorem|Riemann.Analysis.FiniteWindow.compensatedIntegral._proof_16
DECL|definition|Riemann.Analysis.FiniteWindow.polarOperator
DECL|definition|Riemann.Analysis.HalfLine.smoothingKernel
DECL|theorem|Riemann.Capacity.PositivePencil.orthogonalSum.eq_1
DECL|theorem|Riemann.Analysis.FiniteWindow.nativeGammaCompression._proof_7
DECL|theorem|Riemann.Analysis.FiniteWindow.nativeCompression._proof_22
DECL|theorem|Riemann.Analysis.FiniteWindow.gammaOperator._proof_5
DECL|theorem|Riemann.Capacity.GraphData.mk.congr_simp
DECL|theorem|Riemann.Capacity.PositivePencil.compress._proof_3
DECL|theorem|Riemann.Capacity.GraphData.lifted_positive
DECL|theorem|Riemann.Analysis.HalfLine.mem_supported_iff
DECL|theorem|Riemann.CCM.FullSimpleEvenData.eta_even
DECL|theorem|Riemann.CCM.Native.highSynthesis_surjective._simp_1_1
DECL|theorem|Riemann.CCM.Native.displacementVector._proof_1
DECL|theorem|Riemann.Analysis.GammaCompletion.logMajorant_nonneg
DECL|theorem|Riemann.Capacity.lowIncl._proof_1
DECL|theorem|Riemann.CCM.Native.lowHighIndexEquiv._proof_6
DECL|theorem|Riemann.Analysis.HalfLine.critical_factor_reduction
DECL|theorem|Riemann.Analysis.FiniteWindow.primeSurvivors.eq_1
DECL|theorem|Riemann.positive_energy_eq_zero_iff
DECL|theorem|Riemann.CCM.Native.oddHighSection._proof_3
DECL|theorem|Riemann.Analysis.HalfLine.completedCore._proof_1
DECL|theorem|Riemann.Arithmetic.divisorSum_eulerFactorization
DECL|theorem|Riemann.Analysis.FiniteWindow.volterraLinearMap._proof_3
DECL|theorem|Riemann.Analysis.FiniteWindow.gammaConstant_sub_native
DECL|theorem|Riemann.Arithmetic.synthesis_neg
DECL|theorem|Riemann.Analysis.HalfLine.boxVector.congr_simp
DECL|theorem|Riemann.Capacity.inverseMassTrace_congruence
DECL|definition|Riemann.CCM.Native.oddHighProjection
DECL|theorem|Riemann.Basic.trace_toEuclideanLin
DECL|theorem|Riemann.Analysis.FiniteWindow.weightedOrbit._proof_3
DECL|theorem|Riemann.Analysis.FiniteWindow.gamma_limiting_action
DECL|definition|Riemann.Analysis.FiniteWindow.literalSourceColumns
DECL|definition|Riemann.CCM.InverseEnergyData.mk.noConfusion
DECL|theorem|Riemann.Basic.PositiveSchur.Data.inverseShort_energy_nonneg
DECL|theorem|Riemann.CCM.Native.centeredFourierObservation_resolvent._simp_1_1
DECL|theorem|Riemann.CCM.Native.lowFreeOperator._proof_3
DECL|theorem|Riemann.Analysis.FiniteWindow.primeOperator_sum
DECL|theorem|Riemann.Analysis.GammaCompletion.cutoffCurrentKernel_integrable
DECL|definition|Riemann.Analysis.GammaCompletion.logMajorant
DECL|theorem|Riemann.Source.gramEquiv._proof_7
DECL|theorem|Riemann.Analysis.FiniteWindow.fourierInclusion._proof_3
DECL|definition|Riemann.CCM.constantModeExample
DECL|theorem|Riemann.Capacity.GraphData.graph_displacement
DECL|theorem|Riemann.Analysis.GammaCompletion.criticalDerivative.eq_1
DECL|definition|Riemann.Analysis.StrongContractionFamily.casesOn
DECL|theorem|Riemann.Source.minimumNorm_inner_kernel
DECL|theorem|Riemann.CCM.Native.displacement_pairing
DECL|theorem|Riemann.Analysis.HalfLine.integral_abs_criticalKernel_global_le
DECL|theorem|Riemann.Analysis.FiniteWindow.completedDerivative._proof_1
DECL|theorem|Riemann.CCM.Native.phased_sinc._simp_1_5
DECL|theorem|Riemann.CCM.FullSimpleEvenData.corrected_eigenvalue_real_via_complement
DECL|theorem|Riemann.Capacity.GraphData.pencilBlocks._proof_12
DECL|theorem|Riemann.CCM.FullSimpleEvenData.shifted_odd
DECL|theorem|Riemann.Analysis.StrongContractionFamily.integration_apply
DECL|theorem|Riemann.Analysis.HalfLine.rawWeight_inv_sqrt
DECL|theorem|Riemann.Analysis.FiniteWindow.cut_mem_supported
DECL|theorem|Riemann.CCM.Native.highMatrixOperator_mul
DECL|theorem|Riemann.CCM.Native.fullData._proof_2
DECL|theorem|Riemann.CCM.Native.Coefficients.diagonal_even
DECL|theorem|Riemann.Analysis.FiniteWindow.integral_shift_comp
DECL|definition|Riemann.Capacity.RankOneBlocks.highResponse
DECL|theorem|Riemann.Basic.PositiveSchur.Data.selfC
DECL|theorem|Riemann.Analysis.HalfLine.rawEuler_eq_partialSum
DECL|theorem|Riemann.Capacity.GraphData.transformed_metric
DECL|theorem|Riemann.Source.gramEquiv._proof_12
DECL|theorem|Riemann.Analysis.StrongContractionFamily.norm_apply_le
DECL|theorem|Riemann.Analysis.HalfLine.raw_box_sum
DECL|definition|Riemann.CCM.Native.centeredFourierRow
DECL|theorem|Riemann.Basic.vectorHyperplane._proof_3
DECL|definition|Riemann.Arithmetic.twist
DECL|recursor|Riemann.Capacity.GraphData.rec
DECL|definition|Riemann.Arithmetic.nativeMoebius
DECL|theorem|Riemann.Analysis.FiniteWindow.hermitianShiftCoefficients._proof_1
DECL|definition|Riemann.CCM.FullSimpleEvenData.instAddCommGroupGroundComplement._aux_8
DECL|theorem|Riemann.CCM.FullSimpleEvenData.boundaryMass_pos
DECL|definition|Riemann.Basic.PositiveSchur.Data.C
DECL|theorem|Riemann.Analysis.FiniteWindow.gammaOperator_commute_volterra
DECL|theorem|Riemann.Analysis.GammaCompletion.base.eq_1
DECL|theorem|Riemann.Analysis.FiniteWindow.nativeGammaCompression._proof_2
DECL|constructor|Riemann.Capacity.PositivePencil.mk
DECL|theorem|Riemann.CCM.Native.highSynthesis_surjective._simp_1_4
DECL|theorem|Riemann.Analysis.GammaCompletion.alpha._proof_2
DECL|theorem|Riemann.CCM.InverseEnergyData.log_determinantRatio
DECL|theorem|Riemann.Analysis.FiniteWindow.completedFrame_mem_currentDomain
DECL|definition|Riemann.Basic.PositiveSchur.Data.B
DECL|theorem|Riemann.Analysis.StrongContractionFamily.kernelLinearMap._proof_2
DECL|theorem|Riemann.CCM.Native.GroundAdmission.mk.injEq
DECL|theorem|Riemann.Basic.galerkinGram_selfAdjoint
DECL|theorem|Riemann.CCM.Native.nativeHigh_sourceEnergy_eq
DECL|theorem|Riemann.CCM.FullSimpleEvenData.simple
DECL|theorem|Riemann.Analysis.FiniteWindow.nativeCompleted_weilOperator
DECL|definition|Riemann.Basic.PositiveSchur.ThreeData.D
DECL|theorem|Riemann.CCM.FullSimpleEvenData.boundary_odd
DECL|theorem|Riemann.CCM.Native.highRealZeta_pos
DECL|theorem|Riemann.CCM.Native.highSynthesis_positive
DECL|theorem|Riemann.CCM.Native.boundarySoftMean_quarter
DECL|theorem|Riemann.Analysis.FiniteWindow.re_div_I_real._simp_1_2
DECL|definition|Riemann.Arithmetic.shiftAlgebra
DECL|theorem|Riemann.Analysis.HalfLine.abs_criticalKernel_le
DECL|theorem|Riemann.Analysis.HalfLine.arithmeticKernelTerm_of_le._simp_1_3
DECL|theorem|Riemann.Analysis.FiniteWindow.fourierShiftCompression_symmetric_entries
DECL|theorem|Riemann.CCM.FullSimpleEvenData.groundComplementProjection_incl
DECL|theorem|Riemann.CCM.InverseEnergyData.hasDerivAt_log_determinantRatio._simp_1_4
DECL|theorem|Riemann.CCM.Native.highMatrixOperator_real
DECL|definition|Riemann.CCM.Native.nativeLowHighColumns
DECL|theorem|Riemann.Analysis.HalfLine.unitExponential._proof_3
DECL|theorem|Riemann.Analysis.FiniteWindow.fourierInclusion._proof_10
DECL|theorem|Riemann.CCM.Native.nativeHighSourceEnergy.congr_simp
DECL|theorem|Riemann.Arithmetic.multiplicativeShift_eq
DECL|theorem|Riemann.CCM.FullSimpleEvenData.boundaryCompression_adjoint
DECL|theorem|Riemann.CCM.Native.frequency_period
DECL|theorem|Riemann.CCM.Native.lowHighMerge_inr
DECL|theorem|Riemann.Analysis.complex_integral_absolutelyContinuous
DECL|theorem|Riemann.Capacity.softMean_endpointCorrection_le_one
DECL|definition|Riemann.Basic.instTopologicalSpaceMatrixReal_riemann
DECL|theorem|Riemann.CCM.FullSimpleEvenData.boundaryCompression_apply
DECL|theorem|Riemann.CCM.Native.boundaryCharacteristic_eq_fourier._simp_1_2
DECL|theorem|Riemann.CCM.Native.nativeLowHighColumns_injective
DECL|theorem|Riemann.CCM.FullSimpleEvenData.reflection_selfadjoint
DECL|theorem|Riemann.Basic.columnMassSqrt._proof_13
DECL|theorem|Riemann.CCM.Native.fourierFunction_end
DECL|theorem|Riemann.CCM.FullSimpleEvenData.mk.congr_simp
DECL|theorem|Riemann.Analysis.FiniteWindow.gammaWeight_mul_le
DECL|theorem|Riemann.Analysis.FiniteWindow.killedShift_ae
DECL|theorem|Riemann.Analysis.FiniteWindow.instContinuousSMulRealContinuousLinearMapComplexIdSubtypeAmbientMemSubmoduleHilbert_1
DECL|theorem|Riemann.Analysis.FiniteWindow.primeWeight_coe
DECL|theorem|Riemann.Basic.normalized_line_unique
DECL|definition|Riemann.Basic.PositiveSchur.Data.effective
DECL|theorem|Riemann.Analysis.FiniteWindow.shiftFamily._proof_5
DECL|theorem|Riemann.CCM.Native.lowFreeOperator._proof_1
DECL|definition|Riemann.Analysis.FiniteWindow.generator
DECL|definition|Riemann.CCM.FullSimpleEvenData.ground
DECL|theorem|Riemann.Analysis.FiniteWindow.volterraToDomain._proof_1
DECL|theorem|Riemann.CCM.Native.native_freeMean_tail_cancellation
DECL|theorem|Riemann.CCM.InverseEnergyData.inversePencil.eq_1
DECL|theorem|Riemann.CCM.FullSimpleEvenData.boundaryResponse_schur
DECL|theorem|Riemann.CCM.Native.odd_high_ext._proof_1_3
DECL|theorem|Riemann.CCM.Native.native_fixed_anchor_log_identity
DECL|theorem|Riemann.Analysis.FiniteWindow.gammaRemainder_le_one
DECL|definition|_private.Riemann.Analysis.HalfLine.RawEuler.0.Riemann.Analysis.HalfLine.rawValue
DECL|definition|Riemann.Basic.PositiveSchur.ThreeData.mk._flat_ctor
DECL|definition|Riemann.CCM.FullSimpleEvenData.eta
DECL|theorem|Riemann.Analysis.FiniteWindow.nativeCurrentInclusion_coe
DECL|theorem|Riemann.Basic.PositiveSchur.row._proof_3
DECL|theorem|Riemann.Analysis.HalfLine.volterra_apply
DECL|theorem|Riemann.CCM.Native.centeredFourierObservation_resolvent._simp_1_3
DECL|theorem|Riemann.Basic.projectorNormalized_norm_sq
DECL|theorem|Riemann.CCM.Native.integral_symmetric_exp._simp_1_1
DECL|theorem|Riemann.Arithmetic.coefficientDerivative_apply
DECL|theorem|Riemann.Analysis.HalfLine.criticalKernel_eq_fract
DECL|theorem|Riemann.Analysis.StrongContractionFamily.integrationLinearMap._proof_5
DECL|theorem|Riemann.Capacity.GraphData.graphMetric_isPositive
DECL|theorem|Riemann.CCM.Native.highSynthesisLinear_single
DECL|theorem|Riemann.Capacity.PositivePencil.congruence._proof_3
DECL|definition|Riemann.Basic.PositiveSchur.ThreeData._sizeOf_1
DECL|theorem|Riemann.CCM.Native.dimensionless_lattice_eq_cot
DECL|theorem|Riemann.Analysis.HalfLine.norm_killedShift_le
DECL|definition|Riemann.Analysis.GammaCompletion.limitingCurrentKernel
DECL|theorem|Riemann.Analysis.FiniteWindow.weightedOrbit._proof_1
DECL|theorem|Riemann.CCM.Native.ofMatrix._proof_8
DECL|theorem|Riemann.CCM.FullSimpleEvenData.oddGraphData_mean_bounds
DECL|theorem|Riemann.Analysis.FiniteWindow.primeDerivative_eq
DECL|inductive|Riemann.CCM.Native.GroundAdmission
DECL|theorem|Riemann.CCM.Native.highCoordinateEquiv_single
DECL|definition|Riemann.Basic.PositiveSchur.ThreeData.recOn
DECL|theorem|Riemann.Analysis.HalfLine.rawPartialSum._proof_4
DECL|theorem|Riemann.Analysis.FiniteWindow.gammaIntegrand_eq
DECL|definition|Riemann.Analysis.FiniteWindow.gammaTruncated
DECL|theorem|Riemann.Basic.PositiveSchur.ThreeData.first_positive
DECL|theorem|Riemann.Analysis.GammaCompletion.differentiableAt_prefactor
DECL|theorem|Riemann.Analysis.FiniteWindow.gamma_kernel_product
DECL|theorem|Riemann.Analysis.FiniteWindow.nativeGammaIntegrand_eq
DECL|theorem|Riemann.Analysis.FiniteWindow.hasDerivAt_completedSourceGram
DECL|theorem|Riemann.Analysis.FiniteWindow.completedCurrent_apply
DECL|theorem|Riemann.CCM.Native.nativeHigh_mass_det
DECL|theorem|Riemann.Capacity.RankOneBlocks.theta_real
DECL|theorem|Riemann.Analysis.FiniteWindow.generatorDomain_le_gammaCurrentDomain
DECL|theorem|Riemann.Analysis.FiniteWindow.integrable_coefficients_of_entries._simp_1_6
DECL|theorem|Riemann.CCM.Native.latticeTail_zero_eq_cot._simp_1_5
DECL|theorem|Riemann.Analysis.FiniteWindow.compensatedIntegral_entry
DECL|theorem|Riemann.Basic.PositiveSchur.Data.short._proof_1
DECL|theorem|Riemann.CCM.Native.highFrequency_pos
DECL|theorem|Riemann.Analysis.FiniteWindow.cut_idempotent
DECL|theorem|Riemann.Analysis.FiniteWindow.gammaWeight.eq_1
DECL|theorem|Riemann.CCM.FullSimpleEvenData.least
DECL|theorem|Riemann.Analysis.FiniteWindow.gammaCurrentDomain._proof_2
DECL|definition|Riemann.CCM.InverseEnergyData.beta
DECL|definition|Riemann.Basic.PositiveSchur.ThreeData.E
DECL|theorem|Riemann.Analysis.FiniteWindow.nativeRealVolterra_weilOperator
DECL|theorem|Riemann.CCM.FullSimpleEvenData.mk.sizeOf_spec
DECL|theorem|Riemann.Basic.PositiveSchur.firstColumn_adjoint
DECL|theorem|Riemann.CCM.Native.highFrequency.eq_1
DECL|theorem|Riemann.Analysis.FiniteWindow.literalSourceColumns._proof_1
DECL|theorem|Riemann.Analysis.HalfLine.graphDefectScalar_nonneg
DECL|theorem|Riemann.Analysis.HalfLine.compactSupport._proof_2
DECL|theorem|Riemann.Analysis.StrongContractionFamily.kernelOperator_apply
DECL|theorem|Riemann.Analysis.HalfLine.weighted_exponential
DECL|theorem|Riemann.CCM.FullSimpleEvenData.odd_differentiated_positive
DECL|theorem|Riemann.Analysis.HalfLine.completedOperator._proof_3
DECL|theorem|Riemann.Analysis.HalfLine.volterraKernelL1_ae
DECL|definition|Riemann.CCM.Native.Coefficients.noConfusionType
DECL|theorem|Riemann.Capacity.block_high_gram
DECL|theorem|Riemann.Analysis.HalfLine.boxVector_ae
DECL|theorem|Riemann.CCM.InverseEnergyData.hasDerivAt_inverseEnergy
DECL|theorem|Riemann.Analysis.FiniteWindow.literalSourceColumns._proof_5
DECL|theorem|Riemann.CCM.Native.mode.eq_1
DECL|theorem|Riemann.Arithmetic.twist_mul
DECL|theorem|Riemann.Analysis.FiniteWindow.weilMatrix_sumCoefficients
DECL|definition|Riemann.CCM.Native.GroundAdmission.e₀
DECL|theorem|Riemann.Analysis.GammaCompletion.logMajorant_integrable
DECL|theorem|Riemann.CCM.FullSimpleEvenData.corrected._proof_5
DECL|theorem|Riemann.Source.gramEquiv._proof_8
DECL|definition|Riemann.Capacity.GraphData.graphChange
DECL|theorem|Riemann.Analysis.HalfLine.norm_volterraKernelL1
DECL|theorem|Riemann.Analysis.FiniteWindow.fourierInclusion._proof_1
DECL|theorem|Riemann.Analysis.FiniteWindow.primeCharacter._proof_2
DECL|theorem|Riemann.CCM.FullSimpleEvenData.groundProjector_range
DECL|theorem|Riemann.CCM.InverseEnergyData.empty_high_block
DECL|theorem|Riemann.Analysis.FiniteWindow.hasDerivAt_literalColumnMatrix_weil
DECL|definition|Riemann.Arithmetic.nativeMangoldtCurrent
DECL|theorem|Riemann.Analysis.HalfLine.criticalKernel._proof_1
DECL|theorem|Riemann.Analysis.HalfLine.finiteInclusion_coe
DECL|theorem|Riemann.Analysis.HalfLine.norm_boxVector_sq._simp_1_1
DECL|theorem|Riemann.CCM.FullSimpleEvenData.boundaryHyperplane_eq_orthogonal
DECL|theorem|Riemann.CCM.InverseEnergyData.pencil_pos
DECL|theorem|Riemann.Analysis.FiniteWindow.fourierShiftCompression._proof_2
DECL|constructor|Riemann.CCM.Native.GroundAdmission.mk
DECL|theorem|Riemann.Capacity.GraphData.betaGraph._proof_5
DECL|theorem|Riemann.CCM.Native.centeredFourierObservation_outside
DECL|theorem|Riemann.CCM.FullSimpleEvenData.schur_anchor_ne_zero
DECL|theorem|Riemann.Source.gramEquiv._proof_5
DECL|theorem|Riemann.Analysis.HalfLine.instCompleteSpaceSubtypeAmbientMemSubmoduleComplexHilbert
DECL|theorem|Riemann.Analysis.FiniteWindow.HasGenerator._proof_3
DECL|definition|Riemann.Capacity.GraphData.couplingTheta
DECL|theorem|Riemann.Analysis.FiniteWindow.weilMatrix_scaleCoefficients
DECL|theorem|Riemann.Analysis.HalfLine.completedOperator._proof_2
DECL|theorem|Riemann.Analysis.HalfLine.not_boundedBelow_of_strongIntegral
DECL|definition|Riemann.Analysis.FiniteWindow.integralCoefficients
DECL|theorem|Riemann.Capacity.columnEnergy._proof_1
DECL|theorem|Riemann.Analysis.FiniteWindow.primeWeight_killed
DECL|theorem|Riemann.Basic.hasDerivAt_operator_mul
DECL|theorem|Riemann.Basic.hyperplane_inverse_apply
DECL|definition|Riemann.Analysis.HalfLine.graphDefectScalar
DECL|theorem|Riemann.Capacity.columnEnergy._proof_7
DECL|theorem|Riemann.Capacity.GraphData.highPencil._proof_1
DECL|theorem|Riemann.Basic.PositiveSchur.Data.mk.congr_simp
DECL|definition|Riemann.Analysis.HalfLine.rawWeight
DECL|theorem|Riemann.Analysis.FiniteWindow.fourierInclusion._proof_4
DECL|theorem|Riemann.Analysis.HalfLine.rawEuler._proof_1
DECL|theorem|Riemann.CCM.Native.nativeShifted.eq_1
DECL|theorem|Riemann.Analysis.FiniteWindow.polarOperator._proof_3
DECL|theorem|Riemann.CCM.Native.oddHighVector_zeta_pairing
DECL|theorem|Riemann.Analysis.FiniteWindow.ofContinuous._proof_1
DECL|theorem|Riemann.Basic.columnMassSqrt._proof_8
DECL|theorem|Riemann.Analysis.FiniteWindow.completedFrame_commute_primeCurrent
DECL|theorem|Riemann.Analysis.FiniteWindow.gammaOperator_hasDerivAt
DECL|theorem|Riemann.Analysis.FiniteWindow.hasDerivAt_literalColumnMetric_weil
DECL|theorem|Riemann.Analysis.HalfLine.rawPartialSum_stable
DECL|theorem|Riemann.CCM.FullSimpleEvenData.mk.injEq
DECL|theorem|Riemann.Analysis.HalfLine.cut_mem_supported
DECL|theorem|Riemann.Capacity.columnEnergy._proof_5
DECL|theorem|Riemann.Analysis.FiniteWindow.nativeCompletedCompression._proof_11
DECL|theorem|Riemann.Basic.PositiveSchur.crossBlock._proof_9
DECL|theorem|Riemann.Analysis.GammaCompletion.hasDerivAt_alpha
DECL|definition|Riemann.Basic.PositiveSchur.Data.lift
DECL|theorem|Riemann.Analysis.FiniteWindow.fourierIsometry._proof_1
DECL|definition|Riemann.Source.minimumNormMap
DECL|theorem|Riemann.Analysis.HalfLine.criticalKernel_arithmetic_sums
DECL|theorem|Riemann.Analysis.GammaCompletion.integral_inverse_base
DECL|theorem|Riemann.Capacity.GraphData.graphPencil._proof_4
DECL|theorem|Riemann.Basic.physicalCompression_positive
DECL|theorem|Riemann.CCM.FullSimpleEvenData.groundProjector_groundVector
DECL|theorem|Riemann.Analysis.HalfLine.smoothingOperator._proof_5
DECL|theorem|Riemann.Basic.PositiveSchur.ThreeData.mk.inj
DECL|theorem|Riemann.CCM.Native.oddHighVector_zeta_pairing._simp_1_5
DECL|definition|Riemann.CCM.FullSimpleEvenData.boundaryCompressionEquiv
DECL|theorem|Riemann.CCM.FullSimpleEvenData.instAddCommGroupGroundComplement._proof_11
DECL|theorem|Riemann.CCM.FullSimpleEvenData.groundProjector_ground
DECL|theorem|Riemann.Analysis.HalfLine.integrable_completed_orbit
DECL|definition|Riemann.Analysis.HalfLine.laplaceIntegral
DECL|theorem|Riemann.Source.gramEquiv._proof_10
DECL|theorem|Riemann.Analysis.HalfLine.volterra_exponential._simp_1_2
DECL|theorem|Riemann.Analysis.FiniteWindow.primeInverse_mul
DECL|theorem|Riemann.Analysis.FiniteWindow.HasGenerator.orbit_integral
DECL|theorem|Riemann.Analysis.FiniteWindow.nativePrimeCoefficients_beta
DECL|definition|Riemann.Analysis.FiniteWindow.gammaConstant
DECL|theorem|Riemann.Analysis.HalfLine.norm_shift_le
DECL|theorem|Riemann.Analysis.FiniteWindow.compensatedIntegral._proof_9
DECL|theorem|Riemann.Analysis.FiniteWindow.literalSourceColumns.congr_simp
DECL|theorem|Riemann.Analysis.FiniteWindow.primeShift._proof_3
DECL|theorem|Riemann.Arithmetic.shiftCharacter._proof_7
DECL|theorem|Riemann.Analysis.HalfLine.integral_kernel_majorant
DECL|theorem|Riemann.Analysis.FiniteWindow.hasGenerator_iff_eq_neg_volterra_zero
DECL|theorem|Riemann.CCM.Native.highSynthesis_coe
DECL|theorem|Riemann.Basic.galerkinGram_positive
DECL|theorem|Riemann.Analysis.FiniteWindow.hermitianShift_entry._simp_1_3
DECL|theorem|Riemann.Analysis.FiniteWindow.hermitianShift_entry
DECL|theorem|Riemann.Basic.PositiveSchur.Data.liftMap_apply
DECL|theorem|Riemann.CCM.constantModeExample._proof_8
DECL|theorem|Riemann.Analysis.FiniteWindow.nativeCompression_primeCurrent
DECL|theorem|Riemann.Capacity.highIncl_apply
DECL|theorem|Riemann.CCM.InverseEnergyData.pencil_split._abel_1_3
DECL|theorem|Riemann.Basic.projectorNormalized.eq_1
DECL|theorem|Riemann.CCM.Native.mode_rev
DECL|theorem|Riemann.CCM.Native.native_boundary_det_ne_zero
DECL|theorem|Riemann.CCM.Native.GroundAdmission.least
DECL|theorem|Riemann.CCM.Native.Coefficients.beta_odd
DECL|theorem|Riemann.CCM.InverseEnergyData.hasDerivAt_determinantRatio
DECL|theorem|Riemann.Analysis.HalfLine.box_indices_subset_cutoff
DECL|theorem|Riemann.Analysis.FiniteWindow.fourierShiftCompression.eq_1
DECL|theorem|Riemann.Arithmetic.dirichletWeight._simp_1
DECL|theorem|Riemann.Analysis.HalfLine.smoothingKernel._proof_1
DECL|theorem|Riemann.Capacity.GraphData.pencilBlocks._proof_3
DECL|theorem|Riemann.CCM.Native.endpointVector_even
DECL|theorem|Riemann.Analysis.GammaCompletion.cutoffCurrentKernel_of_le
DECL|theorem|Riemann.Analysis.FiniteWindow.gammaIntegrand._proof_1
DECL|theorem|Riemann.CCM.Native.weilOperator_apply
DECL|theorem|Riemann.Analysis.HalfLine.finiteInclusion._proof_2
DECL|theorem|Riemann.CCM.Native.boundaryCharacteristic.eq_1
DECL|theorem|Riemann.Analysis.FiniteWindow.completedFrame_hasDerivAt
DECL|theorem|Riemann.Analysis.FiniteWindow.hermitianShiftCoefficients.eq_1
DECL|definition|Riemann.CCM.FullSimpleEvenData.normalizedGround
DECL|theorem|Riemann.Analysis.HalfLine.criticalPolar._proof_5
DECL|theorem|Riemann.Arithmetic.killedShift._proof_3
DECL|theorem|Riemann.CCM.Native.mode_zero
DECL|theorem|Riemann.Capacity.columnEnergy._proof_4
DECL|theorem|Riemann.Basic.positiveInverse_positive
DECL|theorem|Riemann.CCM.Native.fullHighIndexEquiv._proof_10
DECL|theorem|Riemann.Basic.hasDerivAt_L1_of_dominated_lip._simp_1_7
DECL|theorem|Riemann.CCM.FullSimpleEvenData.groundProjector_range_eq_kernel
DECL|definition|Riemann.Capacity.RankOneBlocks.height
DECL|definition|Riemann.Basic.boundaryRow
DECL|theorem|Riemann.CCM.Native.boundarySoftMean._proof_1
DECL|theorem|Riemann.CCM.Native.nativeHigh_determinantRatio_eq
DECL|theorem|Riemann.Basic.PositiveSchur.Data.observation
DECL|theorem|Riemann.Analysis.FiniteWindow.compensatedShift._proof_9
DECL|theorem|Riemann.Source.gramEquiv._proof_4
DECL|theorem|Riemann.Analysis.HalfLine.norm_exponential_sq._simp_1_1
DECL|definition|Riemann.Analysis.GammaCompletion.criticalDerivative
DECL|theorem|Riemann.Analysis.FiniteWindow.integral_fourier_summands._simp_1_7
DECL|theorem|Riemann.CCM.InverseEnergyData.inversePencil_boundary_scaled
DECL|theorem|Riemann.Analysis.FiniteWindow.map_mem_gammaCurrentDomain
DECL|theorem|Riemann.CCM.Native.dimensionless_lattice_eq_cot._simp_1_5
DECL|theorem|Riemann.CCM.Native.Coefficients.mk.inj
DECL|theorem|Riemann.CCM.Native.centeredFourierObservation_resolvent._simp_1_2
DECL|theorem|Riemann.Basic.galerkinGramEquiv.congr_simp
DECL|theorem|Riemann.CCM.Native.integral_symmetric_exp._simp_1_5
DECL|theorem|Riemann.CCM.InverseEnergyData.hasDerivAt_log_determinantRatio._simp_1_1
DECL|theorem|Riemann.CCM.FullSimpleEvenData.boundaryProjection_eta
DECL|theorem|Riemann.Analysis.FiniteWindow.nativeGammaCoefficients._proof_1
DECL|definition|Riemann.CCM.Native.Section
DECL|theorem|Riemann.CCM.FullSimpleEvenData.oddColumn_softMean_boundaryCorrection
DECL|theorem|Riemann.CCM.InverseEnergyData.logarithmicEnergy_identity
DECL|theorem|Riemann.Analysis.HalfLine.cut_add
DECL|theorem|Riemann.Analysis.FiniteWindow.volterra_ofContinuous
DECL|theorem|Riemann.Analysis.FiniteWindow.nativeCompression._proof_1
DECL|theorem|Riemann.CCM.Native.inner_real_of_coordinates
DECL|theorem|Riemann.Basic.columnMassSqrtEquiv._proof_3
DECL|definition|Riemann.CCM.InverseEnergyData.K
DECL|theorem|Riemann.Analysis.HalfLine.volterraKernelL1.eq_1
DECL|theorem|Riemann.Arithmetic.multiplicativeShift_killed
DECL|theorem|Riemann.Analysis.FiniteWindow.nativeGammaCompression._proof_18
DECL|theorem|Riemann.Analysis.FiniteWindow.fourierHilbert_mem_gammaCurrentDomain
DECL|theorem|Riemann.CCM.Native.summable_positiveLatticeWeight
DECL|definition|Riemann.CCM.Native.Index
DECL|definition|Riemann.Analysis.StrongContractionFamily.noConfusion
DECL|theorem|Riemann.Analysis.GammaCompletion.continuousOn_inverse_base
DECL|theorem|Riemann.Analysis.HalfLine.volterra_apply_global
DECL|theorem|Riemann.CCM.InverseEnergyData.boundaryCorrection_intervalIntegrable
DECL|definition|Riemann.Analysis.HalfLine.arithmeticCount
DECL|definition|Riemann.Capacity.PositivePencil.mk._flat_ctor
DECL|definition|Riemann.Basic.PositiveSchur.Data.noConfusionType
DECL|theorem|Riemann.CCM.Native.half_frequency._simp_1_3
DECL|theorem|Riemann.Analysis.FiniteWindow.killedShift_eq_zero
DECL|theorem|Riemann.Analysis.FiniteWindow.gammaCurrent._proof_1
DECL|theorem|Riemann.Analysis.GammaCompletion.base_nonneg
DECL|theorem|Riemann.Basic.PositiveSchur.crossBlock._proof_1
DECL|theorem|Riemann.Analysis.FiniteWindow.volterra_injective
DECL|theorem|Riemann.Analysis.FiniteWindow.nativeRealVolterraCoefficients.eq_1
DECL|theorem|Riemann.CCM.FullSimpleEvenData.corrected._proof_6
DECL|theorem|Riemann.Arithmetic.twist.eq_1
DECL|theorem|Riemann.Analysis.FiniteWindow.completedFrame.eq_1
DECL|theorem|Riemann.Capacity.scalar_log_ratio_bounds._simp_1_4
DECL|theorem|Riemann.Basic.boundaryRow._proof_1
DECL|theorem|Riemann.Analysis.FiniteWindow.supported._proof_1
DECL|theorem|Riemann.Analysis.HalfLine.smoothingKernel.eq_1
DECL|definition|Riemann.CCM.InverseEnergyData.casesOn
DECL|theorem|Riemann.CCM.InverseEnergyData.zeta_ne_zero
DECL|theorem|Riemann.Analysis.FiniteWindow.primeRealWeight.eq_1
DECL|theorem|Riemann.Analysis.FiniteWindow.nativeCompletedCompression._proof_3
DECL|theorem|Riemann.CCM.Native.nativeShifted._proof_2
DECL|theorem|Riemann.CCM.FullSimpleEvenData.groundVector_boundary_resolvent
DECL|definition|Riemann.Basic.PositiveSchur.ThreeData.A
DECL|theorem|Riemann.Analysis.FiniteWindow.literalColumnMetric._proof_7
DECL|theorem|Riemann.CCM.Native.freeMatrix_det_ne_zero_iff
DECL|theorem|Riemann.Basic.PositiveSchur.Data.inverseC_symmetric
DECL|theorem|Riemann.CCM.Native.highRealEnergy_complex_entry
DECL|theorem|Riemann.Analysis.FiniteWindow.resolventFactor_commute_resolvent
DECL|theorem|Riemann.CCM.Native.weilMatrix_symmetric._simp_1_6
DECL|theorem|Riemann.Analysis.HalfLine.exponential._proof_1
DECL|theorem|Riemann.Analysis.FiniteWindow.fourierShiftCompression._proof_7
DECL|theorem|Riemann.Arithmetic.nativePrimeFactor_eq_one
DECL|theorem|Riemann.Basic.PositiveSchur.Data.lift.eq_1
DECL|theorem|Riemann.CCM.Native.nativeHighPencil.eq_1
DECL|theorem|Riemann.CCM.Native.nativeInverseEnergyData.congr_simp
DECL|theorem|Riemann.Analysis.FiniteWindow.volterra_zero_ae
DECL|theorem|Riemann.Capacity.columnEnergy.congr_simp
DECL|definition|Riemann.Capacity.GraphData.beta
DECL|constructor|Riemann.Basic.PositiveSchur.Data.mk
DECL|theorem|Riemann.CCM.Native.frequency_half_period._simp_1_2
DECL|theorem|Riemann.Analysis.GammaCompletion.hasDerivAt_half_log._simp_1_5
DECL|theorem|Riemann.Analysis.HalfLine.criticalKernel.eq_1
DECL|theorem|Riemann.Analysis.FiniteWindow.instContinuousSMulRealContinuousLinearMapComplexIdSubtypeAmbientMemSubmoduleHilbert
DECL|theorem|Riemann.Basic.positiveGalerkin_decomposition
DECL|theorem|Riemann.CCM.FullSimpleEvenData.corrected_apply
DECL|theorem|Riemann.Analysis.FiniteWindow.realVolterra_compensated_integrable
DECL|theorem|Riemann.Capacity.endpointCorrectedColumns.eq_1
DECL|theorem|Riemann.Arithmetic.shiftCharacter._proof_1
DECL|theorem|Riemann.Analysis.FiniteWindow.dense_generatorDomain
DECL|definition|Riemann.Analysis.HalfLine.rawGraphDefect
DECL|theorem|Riemann.CCM.Native.freeMatrix_det_ne_zero_iff._simp_1_2
DECL|theorem|Riemann.Analysis.FiniteWindow.nativeCompletedCurrent_form
DECL|theorem|Riemann.CCM.FullSimpleEvenData.oddGraphData_metric
DECL|definition|Riemann.Basic.boundaryWeight
DECL|theorem|Riemann.CCM.Native.highRealMass._proof_1
DECL|theorem|Riemann.Analysis.FiniteWindow.weighted_translated_integral
DECL|theorem|Riemann.Arithmetic.logarithmicCurrent
DECL|theorem|Riemann.CCM.Native.cot_pair_imaginary._simp_1_7
DECL|theorem|Riemann.Arithmetic.nonzero_prime_power_support
DECL|theorem|Riemann.Analysis.FiniteWindow.compensatedCoefficients_integrable
DECL|theorem|Riemann.Analysis.FiniteWindow.range_volterra_eq_generatorDomain
DECL|theorem|Riemann.Analysis.FiniteWindow.norm_killedShift_le
DECL|theorem|Riemann.Analysis.FiniteWindow.primeOperator_commute_volterra
DECL|theorem|Riemann.CCM.Native.positiveLatticeWeight_dimensionless._simp_1_7
DECL|theorem|Riemann.Analysis.FiniteWindow.nativeCompletedCompression._proof_8
DECL|theorem|Riemann.Analysis.HalfLine.norm_criticalKernelL1_le
DECL|theorem|Riemann.Analysis.HalfLine.completedOperator_apply
DECL|theorem|Riemann.CCM.FullSimpleEvenData.boundaryCoupling.eq_1
DECL|theorem|Riemann.Capacity.PositivePencil.energy_symmetric
DECL|theorem|Riemann.Capacity.GraphData.graphPencil._proof_2
DECL|definition|Riemann.CCM.Native.boundaryMatrix
DECL|definition|Riemann.CCM.InverseEnergyData.zeta
DECL|definition|Riemann.Analysis.FiniteWindow.nativeCompletedCompression
DECL|theorem|Riemann.Capacity.PositivePencil.softMean.eq_1
DECL|theorem|Riemann.Analysis.FiniteWindow.nativePolarCoefficients.eq_1
DECL|theorem|Riemann.CCM.FullSimpleEvenData.groundVector_norm_sq
DECL|theorem|Riemann.Analysis.FiniteWindow.gammaRemainder_nonneg
DECL|theorem|Riemann.CCM.FullSimpleEvenData.boundary_schur_complex._simp_1_3
DECL|theorem|Riemann.Arithmetic.nativeEuler.eq_1
DECL|theorem|Riemann.Basic.PositiveSchur.Data.block_lift
DECL|theorem|Riemann.Arithmetic.nativeEuler_sum._simp_1_2
DECL|theorem|Riemann.CCM.Native.integral_fourierFunction_centered._simp_1_7
DECL|definition|Riemann.CCM.FullSimpleEvenData.groundWeight
DECL|theorem|Riemann.CCM.FullSimpleEvenData.boundarySection_inner_self
DECL|theorem|Riemann.CCM.Native.highSynthesis_surjective._simp_1_3
DECL|theorem|Riemann.CCM.FullSimpleEvenData.groundWeight_boundary_inverse
DECL|theorem|Riemann.Basic.complexification_energy
DECL|theorem|Riemann.CCM.FullSimpleEvenData.corrected_groundComplementProjection
DECL|theorem|Riemann.CCM.FullSimpleEvenData.boundaryCompressionEquiv._proof_5
DECL|theorem|Riemann.Capacity.GraphData.pencilBlocks.eq_1
DECL|theorem|Riemann.Analysis.FiniteWindow.memLp_cut_continuous
DECL|theorem|Riemann.Analysis.HalfLine.rawEuler_nonclosability_witness
DECL|theorem|Riemann.CCM.Native.nativeShifted_adjoint
DECL|definition|Riemann.CCM.FullSimpleEvenData.shifted
DECL|theorem|Riemann.Analysis.FiniteWindow.compensatedCoefficients._proof_3
DECL|theorem|Riemann.CCM.FullSimpleEvenData.groundComplementIncl._proof_1
DECL|definition|Riemann.Analysis.GammaCompletion.baseDerivativeL1
DECL|theorem|Riemann.CCM.InverseEnergyData.boundaryCorrection_second_derivative._simp_1_6
DECL|theorem|Riemann.Analysis.FiniteWindow.weightedOrbit.eq_1
DECL|theorem|Riemann.CCM.FullSimpleEvenData.odd_differentiated_kernel
DECL|definition|Riemann.CCM.FullSimpleEvenData.oddGraphData
DECL|theorem|Riemann.Analysis.FiniteWindow.polar_negative_logarithmic_derivative._abel_1_1
DECL|definition|Riemann.CCM.Native.oddHighVector
DECL|theorem|Riemann.Analysis.FiniteWindow.Ambient._proof_1
DECL|definition|Riemann.CCM.Native.endpoint
DECL|definition|Riemann.Basic.PositiveSchur.Data.liftMap
DECL|theorem|Riemann.Basic.PositiveSchur.Data.short._proof_2
DECL|theorem|Riemann.Capacity.GraphData.coupling_eq_zero
DECL|theorem|Riemann.Analysis.FiniteWindow.gammaResolventKernel_measurable
DECL|definition|Riemann.Arithmetic.shiftCharacter
DECL|theorem|Riemann.CCM.Native.frequency_period._simp_1_4
DECL|definition|Riemann.Capacity.PositivePencil.congruence
DECL|theorem|Riemann.Analysis.FiniteWindow.generator_eq_of_hasGenerator
DECL|definition|Riemann.Analysis.FiniteWindow.nativePolarCoefficients
DECL|theorem|Riemann.Basic.columnMassSqrt._proof_12
DECL|theorem|Riemann.CCM.Native.nativeHighSourceResponse_equation
DECL|definition|Riemann.CCM.Native.Coefficients.beta
DECL|theorem|Riemann.Analysis.FiniteWindow.primeCharacter._proof_7
DECL|theorem|Riemann.Analysis.FiniteWindow.integral_fourier_summands._simp_1_3
DECL|definition|Riemann.CCM.Native.nativeHighMass
DECL|theorem|Riemann.Analysis.FiniteWindow.nativeGammaIntegrand_integrable
DECL|theorem|Riemann.Capacity.endpointCorrectedColumns._proof_6
DECL|theorem|Riemann.Capacity.GraphData.metric_graph_high
DECL|theorem|Riemann.Analysis.FiniteWindow.nativeCompression._proof_7
DECL|definition|Riemann.Analysis.HalfLine.smoothingOperator
DECL|theorem|Riemann.Analysis.FiniteWindow.fourierShiftCompression_entry_offDiagonal._simp_1_1
DECL|theorem|Riemann.CCM.FullSimpleEvenData.groundComplementProjection._proof_4
DECL|theorem|Riemann.Analysis.HalfLine.exponentialFunction.eq_1
DECL|theorem|Riemann.CCM.Native.mode_injective
DECL|theorem|Riemann.Analysis.FiniteWindow.nativeGammaCoefficients_diagonal
DECL|theorem|Riemann.Analysis.FiniteWindow.polarKernel._proof_1
DECL|theorem|Riemann.Capacity.GraphData.highPencil._proof_4
DECL|definition|Riemann.Basic.PositiveSchur.Data.mk._flat_ctor
DECL|theorem|Riemann.Basic.PositiveSchur.Data.C_positive
DECL|theorem|Riemann.Analysis.HalfLine.rawPartialSum_apply
DECL|theorem|Riemann.Analysis.FiniteWindow.compensatedOrbit._proof_3
DECL|theorem|Riemann.Analysis.FiniteWindow.literalColumnMetric.congr_simp
DECL|theorem|Riemann.Analysis.HalfLine.exp_lt_arithmeticCount_add_one
DECL|theorem|Riemann.CCM.Native.nativeLowHighColumns_sum
DECL|definition|Riemann.Analysis.HalfLine.boxVector
DECL|theorem|Riemann.Basic.boundaryRow._proof_3
DECL|theorem|Riemann.CCM.Native.oddHighProjection._proof_8
DECL|theorem|Riemann.CCM.Native.weilMatrix_symmetric._simp_1_3
DECL|definition|Riemann.CCM.FullSimpleEvenData.instAddCommGroupGroundComplement
DECL|theorem|Riemann.Analysis.HalfLine.norm_boxVector
DECL|theorem|Riemann.Basic.strictlyPositiveEquiv._proof_2
DECL|theorem|Riemann.Analysis.FiniteWindow.nativeCompletedCompression._proof_15
DECL|theorem|Riemann.Basic.mul_complexSinc
DECL|theorem|Riemann.CCM.Native.highCoordinateEquiv_mass
DECL|theorem|Riemann.Analysis.FiniteWindow.nativeGammaConstant._proof_1
DECL|theorem|Riemann.CCM.Native.GroundAdmission.even
DECL|theorem|Riemann.Analysis.FiniteWindow.compensatedShift.eq_1
DECL|definition|Riemann.Analysis.FiniteWindow.gammaDerivative
DECL|theorem|Riemann.Analysis.FiniteWindow.terminalPrimitive_ae_hasDerivAt
DECL|theorem|Riemann.Basic.hasDerivAt_operator_sum
DECL|theorem|Riemann.Analysis.FiniteWindow.literalColumnMetric_inner
DECL|definition|Riemann.Analysis.FiniteWindow.fourierHilbert
DECL|theorem|Riemann.Analysis.FiniteWindow.projection_coe
DECL|theorem|Riemann.Analysis.FiniteWindow.literalSourceColumns._proof_4
DECL|theorem|Riemann.Analysis.FiniteWindow.hermitianShift_entry._simp_1_9
DECL|theorem|Riemann.Analysis.FiniteWindow.fourierShiftCompression_entry_integral._simp_1_2
DECL|theorem|Riemann.Capacity.GraphData.mean_decomposition
DECL|theorem|Riemann.Capacity.PositivePencil.mass_symmetric
DECL|theorem|Riemann.Analysis.FiniteWindow.re_div_I_real._simp_1_3
DECL|theorem|Riemann.Basic.galerkinGram_inner
DECL|theorem|Riemann.Basic.galerkinResponse_mem_range
DECL|theorem|Riemann.Analysis.FiniteWindow.integral_fourier_summands._simp_1_6
DECL|definition|Riemann.Analysis.FiniteWindow.completedColumnGram
DECL|theorem|Riemann.CCM.FullSimpleEvenData.boundaryCoupling_inner
DECL|theorem|Riemann.Analysis.FiniteWindow.cut_ae
DECL|theorem|Riemann.CCM.Native.centeredFourierObservation_resolvent
DECL|theorem|Riemann.Basic.PositiveSchur.firstColumn._proof_2
DECL|theorem|Riemann.Analysis.FiniteWindow.primeAlgebra_commute
DECL|theorem|Riemann.Analysis.HalfLine.continuous_killedShift_apply
DECL|theorem|Riemann.Analysis.FiniteWindow.fourierShiftCompression_entry_offDiagonal._simp_1_2
DECL|theorem|Riemann.Analysis.FiniteWindow.weightedOrbit_zero
DECL|theorem|Riemann.Capacity.GraphData.lifted_energy
DECL|theorem|Riemann.CCM.FullSimpleEvenData.instFiniteDimensionalComplexGroundComplement
DECL|definition|Riemann.Basic.galerkinResidual
DECL|theorem|Riemann.Analysis.HalfLine.integral_shift_translate
DECL|definition|Riemann.Analysis.FiniteWindow.gammaCurrent
DECL|definition|Riemann.Capacity.columnEnergy
DECL|definition|Riemann.CCM.FullSimpleEvenData.casesOn
DECL|theorem|Riemann.CCM.FullSimpleEvenData.boundaryObservation_schur
DECL|theorem|Riemann.Analysis.FiniteWindow.nativeCompletedCoefficients._proof_1
DECL|definition|Riemann.CCM.Native.ofMatrix
DECL|theorem|Riemann.Analysis.FiniteWindow.norm_volterra_integral_le
DECL|theorem|Riemann.CCM.InverseEnergyData.logarithmicEnergy_identity._simp_1_8
DECL|theorem|Riemann.Analysis.HalfLine.completedOperator_not_boundedBelow
DECL|theorem|Riemann.Analysis.HalfLine.finiteCoreInclusion_coe
DECL|theorem|Riemann.Analysis.HalfLine.sum_arithmeticKernelTerm_Ioc._simp_1_2
DECL|theorem|Riemann.Analysis.HalfLine.volterraKernel.eq_1
DECL|theorem|Riemann.CCM.InverseEnergyData.rankOne_mulVec
DECL|theorem|Riemann.Capacity.PositivePencil.congruence._proof_2
DECL|definition|Riemann.CCM.Native.frequency
DECL|theorem|Riemann.CCM.InverseEnergyData.boundaryResponse_deriv
DECL|theorem|Riemann.CCM.FullSimpleEvenData.displacement
DECL|theorem|Riemann.CCM.Native.lowFreeOperator_apply
DECL|theorem|Riemann.Analysis.FiniteWindow.gammaIntegrand_smul
DECL|theorem|Riemann.Analysis.FiniteWindow.addCoefficients.eq_1
DECL|theorem|Riemann.Analysis.HalfLine.supported_ae
DECL|theorem|Riemann.Analysis.FiniteWindow.hasDerivAt_primeOperator
DECL|theorem|Riemann.Basic.columnMassSqrt._proof_15
DECL|definition|Riemann.Analysis.FiniteWindow.HasGenerator
DECL|theorem|Riemann.CCM.Native.Coefficients.mk.sizeOf_spec
DECL|theorem|Riemann.Analysis.FiniteWindow.shift_weightedOrbit._simp_1_1
DECL|theorem|Riemann.Analysis.FiniteWindow.shiftFamily._proof_3
DECL|theorem|Riemann.Analysis.FiniteWindow.integral_gammaPositiveKernel
DECL|definition|Riemann.Analysis.HalfLine.supportProjection
DECL|theorem|Riemann.Analysis.FiniteWindow.nativeCompletedCompression._proof_7
DECL|theorem|Riemann.Capacity.GraphData.couplingHighMass.congr_simp
DECL|theorem|Riemann.CCM.FullSimpleEvenData.groundComplementIncl_injective
DECL|definition|Riemann.Analysis.FiniteWindow.complexifyKernel
DECL|theorem|Riemann.Analysis.HalfLine.completed_laplace_tendsto
DECL|theorem|Riemann.CCM.FullSimpleEvenData.shifted_normalizedGround
DECL|definition|Riemann.Analysis.HalfLine.volterraKernel
DECL|theorem|Riemann.Analysis.FiniteWindow.gammaResolventKernel_neg
DECL|definition|Riemann.CCM.Native.lowHighMerge
DECL|definition|Riemann.Analysis.FiniteWindow.resolventFactor
DECL|definition|Riemann.Capacity.lowIncl
DECL|theorem|Riemann.Analysis.FiniteWindow.fourierShiftCompression._proof_1
DECL|theorem|Riemann.Analysis.FiniteWindow.gammaOperator_commute_shift
DECL|theorem|Riemann.Analysis.GammaCompletion.alpha_half
DECL|theorem|Riemann.Analysis.FiniteWindow.nativeCompression._proof_6
DECL|theorem|Riemann.CCM.Native.latticeTail_zero_eq_cot._simp_1_2
DECL|theorem|Riemann.CCM.Native.nativeHighPencil.congr_simp
DECL|theorem|Riemann.CCM.InverseEnergyData.determinantRatio_energy_bounds
DECL|theorem|Riemann.Analysis.FiniteWindow.compensatedShift._proof_11
DECL|theorem|Riemann.CCM.Native.endpointVector_apply
DECL|theorem|Riemann.Basic.complex_sin_sub_int_mul_pi
DECL|theorem|Riemann.Analysis.FiniteWindow.hasDerivAt_nativeFourier
DECL|theorem|Riemann.CCM.Native.endpoint_adjoint_one
DECL|theorem|Riemann.CCM.Native.weilMatrix_symmetric._simp_1_5
DECL|theorem|Riemann.CCM.FullSimpleEvenData.corrected_unique
DECL|theorem|Riemann.Analysis.GammaCompletion.tendsto_integral_norm_cutoffCurrentKernel
DECL|theorem|Riemann.Analysis.FiniteWindow.integrable_coefficients_of_entries
DECL|theorem|Riemann.Analysis.FiniteWindow.completedDerivative._proof_2
DECL|theorem|Riemann.Basic.raw_physical_pencil
DECL|theorem|Riemann.CCM.Native.nativeHighMass._proof_1
DECL|theorem|Riemann.Capacity.PositivePencil.congruence._proof_4
DECL|definition|Riemann.Analysis.FiniteWindow.nativePrimeCoefficients
DECL|theorem|Riemann.CCM.Native.nativeLowHighColumns_high
DECL|theorem|Riemann.CCM.Native.canonicalNativeGraphData.eq_1
DECL|theorem|Riemann.Arithmetic.synthesis_weightedShift_sum._simp_1_2
DECL|theorem|Riemann.Analysis.HalfLine.killedShift_ae
DECL|theorem|Riemann.Analysis.FiniteWindow.compensatedIntegral._proof_10
DECL|theorem|Riemann.Analysis.FiniteWindow.fourierShiftCompression._proof_5
DECL|definition|Riemann.Capacity.GraphData.A₂
DECL|theorem|Riemann.Capacity.PositivePencil.ext_iff
DECL|theorem|Riemann.CCM.Native.highCoordinateEquiv_free
DECL|theorem|Riemann.Basic.matrixContraction_apply
DECL|theorem|Riemann.CCM.Native.highRealFree.eq_1
DECL|definition|Riemann.Basic.galerkinGram
DECL|definition|Riemann.Analysis.FiniteWindow.scalarCoefficients
DECL|constructor|Riemann.Basic.PositiveSchur.ThreeData.mk
DECL|theorem|Riemann.CCM.FullSimpleEvenData.instAddCommGroupGroundComplement._proof_23
DECL|theorem|Riemann.Basic.PositiveSchur.block_apply
DECL|theorem|Riemann.Basic.PositiveSchur.row_adjoint_apply
DECL|theorem|Riemann.CCM.Native.GroundAdmission.nonzero
DECL|theorem|Riemann.Analysis.FiniteWindow.compensatedIntegral._proof_18
DECL|theorem|Riemann.Arithmetic.shiftCharacter._proof_4
DECL|theorem|Riemann.CCM.InverseEnergyData.inverseEnergy.eq_1
DECL|theorem|Riemann.CCM.constantModeExample._proof_7
DECL|theorem|Riemann.CCM.FullSimpleEvenData.shifted_positive_on_complement
DECL|theorem|Riemann.CCM.Native.oddHighVector_mem
DECL|theorem|Riemann.Capacity.GraphData.graphChange._proof_3
DECL|theorem|Riemann.CCM.Native.zeroIndex._proof_1
DECL|definition|Riemann.Analysis.GammaCompletion.cutoffCurrentKernel
DECL|theorem|Riemann.CCM.Native.oddHighProjection._proof_5
DECL|definition|Riemann.Arithmetic.Window
DECL|theorem|Riemann.Analysis.FiniteWindow.contDiff_nativeFourier
DECL|theorem|Riemann.Arithmetic.multiplicativeShift._proof_3
DECL|theorem|Riemann.CCM.Native.native_boundary_ratio_denominator_ne_zero
DECL|definition|Riemann.Basic.galerkinResponse
DECL|theorem|Riemann.CCM.FullSimpleEvenData.normalizedGround.eq_1
DECL|theorem|Riemann.Analysis.HalfLine.smoothingKernel._proof_3
DECL|theorem|Riemann.CCM.Native.reflection_derivative
DECL|theorem|Riemann.CCM.Native.centeredFourierRow._simp_1
DECL|theorem|Riemann.CCM.FullSimpleEvenData.weighted_symmetry
DECL|theorem|Riemann.Analysis.HalfLine.graphDefectScalar.eq_1
DECL|theorem|Riemann.Analysis.FiniteWindow.hasDerivAt_log_logistic
DECL|definition|Riemann.CCM.Native.LowCoordinates
DECL|theorem|Riemann.CCM.constantModeExample._proof_5
DECL|theorem|Riemann.CCM.Native.highSynthesis_surjective
DECL|definition|Riemann.Basic.PositiveSchur.row
DECL|theorem|Riemann.Capacity.lowIncl_adjoint
DECL|theorem|Riemann.CCM.constantModeExample._proof_16
DECL|theorem|Riemann.CCM.Native.latticeTail_zero_eq_cot._simp_1_7
DECL|theorem|Riemann.Analysis.HalfLine.exponential._proof_2
DECL|theorem|Riemann.Analysis.FiniteWindow.fourierShiftCompression_entry_explicit
DECL|theorem|Riemann.Analysis.FiniteWindow.integrable_coefficients_of_entries._simp_1_5
DECL|theorem|Riemann.Basic.PositiveSchur.crossBlock._proof_5
DECL|definition|Riemann.Basic.PositiveSchur.secondBlock
DECL|theorem|Riemann.CCM.FullSimpleEvenData.boundary_schur_complex._simp_1_7
DECL|theorem|Riemann.Analysis.HalfLine.arithmeticCount_le
DECL|theorem|Riemann.CCM.Native.latticeTail_nonneg
DECL|theorem|Riemann.Basic.hasDerivAt_L1_of_dominated_lip
DECL|theorem|Riemann.Analysis.FiniteWindow.nativeCompletedCompression._proof_10
DECL|theorem|Riemann.Basic.PositiveSchur.ThreeData.forcing_transitivity._abel_1_4
DECL|definition|Riemann.Analysis.HalfLine.HasFiniteSupport
DECL|theorem|Riemann.CCM.Native.displacement_entry._simp_1_4
DECL|theorem|Riemann.Capacity.scalar_log_ratio_bounds._simp_1_5
DECL|constructor|Riemann.CCM.InverseEnergyData.mk
DECL|theorem|Riemann.Analysis.FiniteWindow.supported_ae
DECL|theorem|Riemann.CCM.FullSimpleEvenData.instModuleComplexGroundComplement._proof_4
DECL|definition|Riemann.CCM.Native.latticeTail
DECL|theorem|Riemann.CCM.Native.nativeLowHighColumns_free
DECL|theorem|Riemann.Basic.positivePair_spectral_representation._simp_1_4
DECL|theorem|Riemann.CCM.FullSimpleEvenData.oddGraphData._proof_24
DECL|theorem|Riemann.Capacity.GraphData.pencilBlocks._proof_2
DECL|theorem|Riemann.CCM.Native.nativeHigh_softMean_sourceEnergy_identity
DECL|theorem|Riemann.Arithmetic.shiftCharacter._proof_5
DECL|theorem|Riemann.Capacity.GraphData.betaGraph._proof_7
DECL|theorem|Riemann.CCM.InverseEnergyData.high_spectral_representation
DECL|theorem|Riemann.Basic.columnMass._proof_7
DECL|theorem|Riemann.Basic.PositiveSchur.Data.inverseC_C
DECL|theorem|Riemann.CCM.constantModeExample._proof_9
DECL|theorem|Riemann.CCM.Native.highMatrixOperator._proof_7
DECL|theorem|Riemann.CCM.FullSimpleEvenData.oddGraphData._proof_6
DECL|theorem|Riemann.Capacity.GraphData.decoupledPencil.eq_1
DECL|definition|Riemann.Analysis.FiniteWindow.realVolterraWeight
DECL|theorem|Riemann.CCM.Native.frequency_zero_iff
DECL|theorem|Riemann.CCM.Native.nativeHighSource.eq_1
DECL|theorem|Riemann.Analysis.FiniteWindow.primeAlgebra._proof_5
DECL|theorem|Riemann.Analysis.FiniteWindow.norm_killed_fourier_sub_le
DECL|definition|Riemann.Analysis.FiniteWindow.cut
DECL|theorem|Riemann.CCM.InverseEnergyData.pencil_split
DECL|theorem|Riemann.Analysis.FiniteWindow.polarOperator_commute_volterra
DECL|theorem|Riemann.CCM.FullSimpleEvenData.groundComplementProjection_inner
DECL|theorem|Riemann.Source.minimumNormMap.congr_simp
DECL|theorem|Riemann.CCM.Native.lowHighIndexEquiv._proof_4
DECL|definition|Riemann.Analysis.FiniteWindow.gammaResolventKernel
DECL|theorem|Riemann.Basic.columnMass_positive
DECL|definition|Riemann.CCM.FullSimpleEvenData.e₀
DECL|theorem|Riemann.Capacity.RankOneBlocks.theta.eq_1
DECL|theorem|Riemann.Arithmetic.eulerSynthesis.eq_1
DECL|definition|Riemann.Analysis.FiniteWindow.completedRangeEquiv
DECL|recursor|Riemann.Basic.PositiveSchur.ThreeData.rec
DECL|theorem|Riemann.Basic.PositiveSchur.Data.ofOperator._proof_2
DECL|theorem|Riemann.CCM.Native.highReal_displacement
DECL|theorem|Riemann.Analysis.HalfLine.rawBoxScalar.eq_1
DECL|theorem|Riemann.Capacity.PositivePencil.orthogonalSum._proof_1
DECL|definition|Riemann.Analysis.FiniteWindow.generatorCoordinate
DECL|theorem|Riemann.Analysis.FiniteWindow.sumCoefficients.eq_1
DECL|theorem|Riemann.CCM.Native.boundaryMatrix_derivative_ratio._abel_1_1
DECL|theorem|Riemann.Analysis.FiniteWindow.integral_fourier_inner
DECL|theorem|Riemann.CCM.InverseEnergyData.logarithmicBalance._proof_1
DECL|theorem|Riemann.CCM.InverseEnergyData.pencil_log_ratio_eq._simp_1_1
DECL|theorem|Riemann.Analysis.StrongContractionFamily.mk.sizeOf_spec
DECL|theorem|Riemann.Analysis.FiniteWindow.compensatedShift._proof_6
DECL|theorem|Riemann.CCM.constantModeExample._proof_19
DECL|theorem|Riemann.Basic.PositiveSchur.Data.block_adjoint
DECL|definition|Riemann.Arithmetic.killedShift
DECL|theorem|Riemann.Analysis.HalfLine.completedCore_eq_smoothing
DECL|theorem|Riemann.CCM.InverseEnergyData.pencil_log_ratio_eq._simp_1_3
DECL|theorem|Riemann.Basic.PositiveSchur.Data.short_adjoint
DECL|theorem|Riemann.CCM.FullSimpleEvenData.groundProjector_selfadjoint
DECL|theorem|Riemann.Analysis.FiniteWindow.literalSourceColumns._proof_12
DECL|theorem|Riemann.Analysis.FiniteWindow.volterra_ofContinuous._simp_1_1
DECL|theorem|Riemann.Analysis.FiniteWindow.integral_frequency_difference
DECL|theorem|Riemann.CCM.Native.phased_sinc._simp_1_1
DECL|theorem|Riemann.Basic.inner_error_energy
DECL|theorem|Riemann.CCM.InverseEnergyData.determinantRatio.eq_1
DECL|theorem|Riemann.CCM.Native.dimensionless_lattice_eq_cot._simp_1_1
DECL|theorem|Riemann.Basic.columnMassSqrt_square
DECL|theorem|Riemann.Analysis.HalfLine.completedOperator_unitExponential
DECL|theorem|Riemann.Analysis.FiniteWindow.gammaTruncated_tendsto
DECL|theorem|Riemann.CCM.Native.freeMatrix_det_ne_zero_of_nonreal
DECL|definition|Riemann.CCM.Native.highRealZeta
DECL|theorem|Riemann.CCM.FullSimpleEvenData.oddGraphData_fullPencil
DECL|theorem|Riemann.Basic.PositiveSchur.crossBlock._proof_8
DECL|theorem|Riemann.Arithmetic.moebiusInverse_mul_eulerSynthesis
DECL|theorem|Riemann.CCM.FullSimpleEvenData.boundaryHyperplane._proof_2
DECL|theorem|Riemann.Arithmetic.nativePrimeFactor_sum._simp_1_1
DECL|theorem|Riemann.Capacity.scalar_log_ratio_bounds._simp_1_6
DECL|theorem|Riemann.CCM.FullSimpleEvenData.boundarySection_inner
DECL|theorem|Riemann.CCM.Native.nativeHigh_pencil_det
DECL|theorem|Riemann.Analysis.StrongContractionFamily.mk.inj
DECL|definition|Riemann.CCM.FullSimpleEvenData.boundarySection
DECL|definition|Riemann.CCM.Native.highRealFree
DECL|theorem|Riemann.Analysis.StrongContractionFamily.integrationLinearMap._proof_3
DECL|theorem|Riemann.Analysis.HalfLine.sum_positive_integers
DECL|definition|Riemann.Analysis.FiniteWindow.primeSurvivors
DECL|theorem|Riemann.CCM.Native.oddHighVector_orthonormal._simp_1_1
DECL|theorem|Riemann.Analysis.FiniteWindow.resolventFactor_mul_resolvent
DECL|theorem|Riemann.CCM.InverseEnergyData.pencil_log_ratio_eq._simp_1_5
DECL|theorem|Riemann.Analysis.FiniteWindow.polarKernel_separable._simp_1_2
DECL|theorem|Riemann.Analysis.FiniteWindow.cutCLM_apply
DECL|theorem|Riemann.CCM.InverseEnergyData.boundaryCorrection_second_derivative._simp_1_2
DECL|theorem|Riemann.Analysis.FiniteWindow.integralCoefficients._proof_1
DECL|theorem|Riemann.Analysis.FiniteWindow.nativeGammaCompression._proof_20
DECL|theorem|Riemann.Capacity.GraphData.highPencil._proof_3
DECL|theorem|Riemann.Analysis.FiniteWindow.nativeGammaCompression._proof_19
DECL|theorem|Riemann.Arithmetic.nativeEuler_sum._simp_1_3
DECL|theorem|Riemann.CCM.FullSimpleEvenData.boundary_residual_reconstruction._abel_1_2
DECL|theorem|Riemann.Analysis.FiniteWindow.gamma_logistic_difference._simp_1_2
DECL|theorem|Riemann.Analysis.HalfLine.finiteInclusion._proof_3
DECL|theorem|Riemann.CCM.InverseEnergyData.fixed_anchor_correction_bounds
DECL|theorem|Riemann.Basic.PositiveSchur.secondColumn_adjoint
DECL|definition|Riemann.Basic.complexSinc
DECL|theorem|Riemann.Analysis.FiniteWindow.compensatedShift._proof_5
DECL|definition|Riemann.CCM.Native.lowHighIndexEquiv
DECL|theorem|Riemann.Analysis.FiniteWindow.literalColumnMetric._proof_8
DECL|theorem|Riemann.CCM.FullSimpleEvenData.groundComplementTopologyEquiv._proof_4
DECL|theorem|Riemann.CCM.InverseEnergyData.freeMean.eq_1
DECL|theorem|Riemann.Analysis.FiniteWindow.gammaOperator_half_gammaCurrent
DECL|definition|Riemann.CCM.Native.latticeFrequency
DECL|theorem|Riemann.Analysis.GammaCompletion.base_arg_le_one
DECL|theorem|Riemann.Analysis.HalfLine.finiteProjection_inclusion
DECL|definition|Riemann.CCM.Native.displacementVector
DECL|theorem|Riemann.Analysis.FiniteWindow.cut_smul
DECL|theorem|Riemann.Analysis.GammaCompletion.hasDerivAt_base
DECL|theorem|Riemann.Analysis.FiniteWindow.nativeGammaCompression._proof_6
DECL|theorem|Riemann.Basic.columnMassSqrt.congr_simp
DECL|theorem|Riemann.Basic.strictlyPositiveEquiv._proof_4
DECL|theorem|Riemann.Arithmetic.sum_factorial_divisors_eq_Ioc
DECL|theorem|Riemann.Analysis.FiniteWindow.norm_killed_fourier_single_sub_le
DECL|theorem|Riemann.Analysis.FiniteWindow.ofContinuous_ae
DECL|definition|Riemann.Arithmetic.nativeEuler
DECL|theorem|Riemann.CCM.Native.native_groundWeight_pos
DECL|theorem|Riemann.Basic.matrixContraction._proof_10
DECL|theorem|Riemann.Analysis.HalfLine.killedShift_finiteInclusion
DECL|theorem|Riemann.CCM.InverseEnergyData.logarithmicBalance_integral
DECL|theorem|Riemann.Basic.lineProjector._proof_1
DECL|definition|Riemann.Analysis.GammaCompletion.majorant
DECL|theorem|Riemann.Capacity.GraphData.graphChange._abel_1
DECL|theorem|Riemann.CCM.Native.frequency_period._simp_1_5
DECL|theorem|Riemann.Analysis.GammaCompletion.cutoffCurrentKernel.eq_1
DECL|theorem|Riemann.Basic.PositiveSchur.row._proof_1
DECL|theorem|Riemann.Analysis.FiniteWindow.compensatedIntegral._proof_5
DECL|theorem|Riemann.CCM.Native.boundaryCharacteristic_eq_fourier._simp_1_5
DECL|definition|Riemann.Basic.PositiveSchur.ThreeData.successiveForcing
DECL|definition|Riemann.Basic.physicalCompression
DECL|theorem|Riemann.CCM.Native.highSynthesisLinear_apply
DECL|definition|Riemann.Analysis.HalfLine.finiteInclusion
DECL|theorem|Riemann.Analysis.HalfLine.integrable_arithmeticKernelTerm
DECL|theorem|Riemann.Analysis.FiniteWindow.generator_hasACDerivative
DECL|theorem|Riemann.Analysis.HalfLine.criticalPolar._proof_4
DECL|theorem|Riemann.Basic.positivePair_spectral_representation._simp_1_6
DECL|theorem|Riemann.CCM.Native.boundaryCharacteristic_eq_fourier._simp_1_1
DECL|theorem|Riemann.CCM.FullSimpleEvenData.boundarySection.eq_1
DECL|theorem|Riemann.CCM.FullSimpleEvenData.shifted_D_groundVector
DECL|theorem|Riemann.Analysis.FiniteWindow.gammaCurrent._proof_2
DECL|theorem|Riemann.Analysis.FiniteWindow.hasDerivAt_literalColumnMatrix
DECL|theorem|Riemann.Analysis.GammaCompletion.hasDerivAt_half_log._simp_1_1
DECL|theorem|Riemann.Analysis.HalfLine.exponential_ae
DECL|theorem|Riemann.Basic.PositiveSchur.ThreeData.direct_inverseC
DECL|definition|Riemann.CCM.FullSimpleEvenData.instAddCommGroupGroundComplement._aux_16
DECL|theorem|Riemann.Analysis.FiniteWindow.gamma_cutoff_action_tendsto
DECL|theorem|Riemann.CCM.Native.nativeHigh_displacement
DECL|theorem|Riemann.Analysis.FiniteWindow.compensatedIntegral._proof_6
DECL|definition|Riemann.Analysis.StrongContractionFamily.operator
DECL|theorem|Riemann.CCM.Native.GroundAdmission.mk.sizeOf_spec
DECL|theorem|Riemann.Analysis.FiniteWindow.gammaResolventKernel._proof_1
DECL|theorem|Riemann.Analysis.FiniteWindow.literalSourceColumns._proof_8
DECL|theorem|Riemann.Basic.boundaryWeight_pos
DECL|theorem|Riemann.Basic.strictlyPositiveEquiv.congr_simp
DECL|theorem|Riemann.Analysis.HalfLine.rawWeight_eq_complexExp
DECL|theorem|Riemann.Analysis.HalfLine.finiteCoreInclusion._proof_1
DECL|theorem|Riemann.CCM.Native.lowHighMerge_apply
DECL|theorem|Riemann.CCM.FullSimpleEvenData.complementCorrected_apply
DECL|theorem|Riemann.CCM.FullSimpleEvenData.boundaryCompressionEquiv._proof_2
DECL|theorem|Riemann.Basic.continuousAt_tripleInverseContraction
DECL|theorem|Riemann.CCM.InverseEnergyData.continuousAt_responseMoment
DECL|theorem|Riemann.Analysis.FiniteWindow.continuous_weightedOrbit
DECL|definition|Riemann.CCM.Native.canonicalNativeGraphData
DECL|theorem|Riemann.Analysis.HalfLine.boxFunction._proof_1
DECL|theorem|Riemann.Analysis.FiniteWindow.instCompleteSpaceSubtypeAmbientMemSubmoduleComplexHilbert
DECL|theorem|Riemann.Arithmetic.factorial_primeFactors_eq_primesBelow
DECL|definition|Riemann.Capacity.columnPencil
DECL|theorem|Riemann.Analysis.HalfLine.exponentialFunction_norm_sq
DECL|theorem|Riemann.CCM.Native.native_characteristic_capacity
DECL|theorem|Riemann.CCM.Native.oddHighVector_positive
DECL|theorem|Riemann.Analysis.HalfLine.shift_unitExponential
DECL|theorem|Riemann.CCM.Native.cot_pair_imaginary._simp_1_6
DECL|theorem|Riemann.CCM.Native.centered_mode_factor
DECL|theorem|Riemann.positive_energy_pos
DECL|theorem|Riemann.Analysis.FiniteWindow.sumCoefficients._proof_2
DECL|theorem|Riemann.Analysis.FiniteWindow.gammaOperator._proof_6
DECL|theorem|Riemann.CCM.Native.oddHighVector_zeta_pairing._simp_1_4
DECL|theorem|Riemann.Basic.matrixContraction._proof_4
DECL|theorem|Riemann.Analysis.FiniteWindow.primeAlgebra._proof_3
DECL|theorem|Riemann.Analysis.HalfLine.shift_exponential._simp_1_2
DECL|theorem|Riemann.Basic.PositiveSchur.secondBlock.eq_1
DECL|definition|Riemann.Basic.PositiveSchur.ThreeData.successiveShort
DECL|theorem|Riemann.CCM.InverseEnergyData.highMean.eq_1
DECL|theorem|Riemann.CCM.FullSimpleEvenData.shifted_groundComplement_invariant
DECL|theorem|Riemann.Analysis.FiniteWindow.re_div_I_real._simp_1_6
DECL|theorem|Riemann.CCM.InverseEnergyData.hasDerivAt_log_determinantRatio._simp_1_2
DECL|theorem|Riemann.CCM.constantModeExample._proof_17
DECL|theorem|Riemann.Analysis.HalfLine.norm_shift_apply_le
DECL|recursor|Riemann.Analysis.StrongContractionFamily.rec
DECL|theorem|Riemann.CCM.InverseEnergyData.fixed_anchor_log_identity
DECL|theorem|Riemann.Analysis.HalfLine.raw_error_majorant_integrable
DECL|definition|Riemann.Analysis.GammaCompletion.logPrimitive
DECL|theorem|Riemann.Analysis.HalfLine.sum_positive_squares
DECL|theorem|Riemann.CCM.Native.latticeTail_zero_eq_cot._simp_1_4
DECL|theorem|Riemann.CCM.Native.latticeTail_zero_eq_hyperbolic._simp_1_1
DECL|theorem|Riemann.Analysis.FiniteWindow.volterra_commute_shift
DECL|theorem|Riemann.Analysis.HalfLine.shiftFamily._proof_5
DECL|theorem|Riemann.Analysis.GammaCompletion.hasDerivAt_prefactor_half
DECL|theorem|Riemann.CCM.FullSimpleEvenData.shifted.eq_1
DECL|theorem|Riemann.Analysis.FiniteWindow.completedRangeEquiv._proof_1
DECL|definition|Riemann.CCM.Native.zeroIndex
DECL|theorem|Riemann.Basic.PositiveSchur.ThreeData.firstB.eq_1
DECL|theorem|Riemann.Analysis.GammaCompletion.limitingCurrentKernel_integrable
DECL|definition|Riemann.Capacity.GraphData.zetaGraph
DECL|theorem|Riemann.CCM.FullSimpleEvenData.boundary_schur_complex._simp_1_5
DECL|theorem|Riemann.CCM.constantModeExample_derivative_ground
DECL|inductive|Riemann.CCM.Native.Coefficients
DECL|theorem|Riemann.CCM.FullSimpleEvenData.oddGraphData._proof_12
DECL|theorem|Riemann.CCM.constantModeExample._proof_20
DECL|theorem|Riemann.CCM.FullSimpleEvenData.instAddCommGroupGroundComplement._proof_20
DECL|theorem|Riemann.Analysis.FiniteWindow.compensatedIntegral._proof_11
DECL|theorem|Riemann.CCM.Native.integral_symmetric_exp._simp_1_6
DECL|theorem|Riemann.Analysis.GammaCompletion.cutoffCurrentKernel_tendsto
DECL|definition|Riemann.Basic.PositiveSchur.ThreeData.firstB
DECL|theorem|Riemann.Arithmetic.coefficientDerivative_mul
DECL|theorem|Riemann.Analysis.FiniteWindow.native_columnEnergy_sourceDerivative
DECL|theorem|Riemann.Analysis.HalfLine.supported._proof_1
DECL|recursor|Riemann.CCM.Native.Coefficients.rec
DECL|theorem|Riemann.Analysis.FiniteWindow.compensatedIntegral._proof_19
DECL|theorem|Riemann.CCM.Native.oddHighProjection._proof_7
DECL|theorem|Riemann.CCM.Native.mode_eq_zero
DECL|constructor|Riemann.CCM.FullSimpleEvenData.mk
DECL|theorem|Riemann.Analysis.GammaCompletion.coe_criticalDerivativeL1
DECL|theorem|Riemann.CCM.Native.frequency_period._simp_1_2
DECL|theorem|Riemann.Analysis.FiniteWindow.hasDerivAt_gammaOperator_half
DECL|definition|Riemann.Analysis.FiniteWindow.completedCurrent
DECL|theorem|Riemann.Capacity.PositivePencil.orthogonalSum._proof_4
DECL|theorem|Riemann.Basic.positiveGalerkin_energy
DECL|theorem|Riemann.Basic.complexSinc_of_ne_zero
DECL|theorem|Riemann.CCM.Native.odd_high_ext
DECL|theorem|Riemann.CCM.InverseEnergyData.hasDerivAt_boundaryResponse
DECL|theorem|Riemann.CCM.Native.oddHighRealSynthesis_positive._simp_1_2
DECL|theorem|Riemann.CCM.Native.centeredFourierObservation.eq_1
DECL|theorem|Riemann.CCM.FullSimpleEvenData.corrected._proof_3
DECL|theorem|Riemann.Arithmetic.coefficientDerivative_mul._simp_1_1
DECL|theorem|Riemann.Analysis.hasDerivAt_frozenSourceGram_current
DECL|theorem|Riemann.CCM.FullSimpleEvenData.shifted_odd._abel_1_1
DECL|theorem|Riemann.CCM.FullSimpleEvenData.shifted_eq_zero_iff
DECL|definition|Riemann.Analysis.FiniteWindow.nativeCurrentInclusion
DECL|theorem|Riemann.Analysis.FiniteWindow.cutCLM._proof_2
DECL|definition|Riemann.Analysis.FiniteWindow.primeAlgebra_commRing
DECL|theorem|Riemann.Basic.PositiveSchur.ThreeData.selfA
DECL|theorem|Riemann.CCM.FullSimpleEvenData.instAddCommGroupGroundComplement._proof_22
DECL|theorem|Riemann.Analysis.FiniteWindow.integral_fourier_summands
DECL|inductive|Riemann.CCM.FullSimpleEvenData
DECL|definition|Riemann.Basic.whitenedIsometry
DECL|theorem|Riemann.CCM.Native.derivative_real
DECL|theorem|Riemann.CCM.Native.nativeHighEnergy_symmetric
DECL|definition|Riemann.Analysis.FiniteWindow.weightedOrbit
DECL|theorem|Riemann.CCM.Native.highSynthesis_surjective._simp_1_6
DECL|definition|Riemann.CCM.FullSimpleEvenData.oddColumnPencil
DECL|theorem|Riemann.Analysis.FiniteWindow.polarKernel_cosh
DECL|theorem|Riemann.Analysis.HalfLine.completedOperator_extends_core
DECL|theorem|Riemann.Analysis.FiniteWindow.fourierShiftCompression._proof_11
DECL|definition|Riemann.Analysis.HalfLine.volterraKernelL1
DECL|theorem|Riemann.Basic.galerkinGram._proof_7
DECL|theorem|Riemann.Arithmetic.killedShift._proof_1
DECL|theorem|Riemann.Basic.correctedMatrix.eq_1
DECL|theorem|Riemann.Basic.PositiveSchur.ThreeData.short_transitivity
DECL|definition|Riemann.Arithmetic.nativePrimeFactor
DECL|theorem|Riemann.Capacity.PositivePencil.compress.congr_simp
DECL|definition|Riemann.CCM.Native.HighCoordinates
DECL|theorem|Riemann.Analysis.FiniteWindow.gammaCurrent_gammaOperator_half
DECL|theorem|Riemann.Analysis.FiniteWindow.nativeCompletedSourceGram_half
DECL|theorem|Riemann.CCM.Native.native_characteristic_capacity_decomposition
DECL|theorem|Riemann.CCM.FullSimpleEvenData.shifted_groundComplementProjection
DECL|theorem|Riemann.Analysis.HalfLine.norm_killedShift_apply_le
DECL|theorem|Riemann.Analysis.FiniteWindow.realVolterra_compression_eq
DECL|definition|Riemann.CCM.FullSimpleEvenData.groundComplementIncl
DECL|theorem|Riemann.CCM.Native.lowHighMerge.eq_1
DECL|definition|Riemann.Analysis.FiniteWindow.primeCutoff
DECL|theorem|Riemann.CCM.Native.canonicalNativeGraphData._proof_1
DECL|theorem|Riemann.Capacity.columnEnergy_inner
DECL|theorem|Riemann.Analysis.GammaCompletion.abs_log_le_quarter
DECL|theorem|Riemann.CCM.FullSimpleEvenData.oddGraphData._proof_8
DECL|theorem|Riemann.CCM.Native.highPositiveIndex.eq_1
DECL|definition|Riemann.Capacity.GraphData.noConfusion
DECL|theorem|Riemann.Analysis.FiniteWindow.continuousOn_gammaIntegrand
DECL|definition|Riemann.Capacity.GraphData.ctorIdx
DECL|theorem|Riemann.Analysis.FiniteWindow.gammaIntegrand_commute
DECL|theorem|Riemann.CCM.FullSimpleEvenData.eta_ne_zero
DECL|theorem|Riemann.Analysis.FiniteWindow.nativeGammaIntegrand._proof_1
DECL|theorem|Riemann.Source.minimumNorm_sInf
DECL|theorem|Riemann.CCM.Native.oddHighVector_odd
DECL|theorem|Riemann.Basic.PositiveSchur.Data.ofOperator._proof_1
DECL|theorem|Riemann.CCM.Native.native_boundarySoftMean_eq_softMean_add_lattice
DECL|theorem|Riemann.CCM.Native.canonicalNativeGraphData._proof_2
DECL|theorem|Riemann.Capacity.PositivePencil.compress_pencil
DECL|theorem|Riemann.Capacity.columnEnergy._proof_6
DECL|theorem|Riemann.CCM.Native.realHighCoordinates.eq_1
DECL|definition|Riemann.Arithmetic.nativeCoefficientDerivative
DECL|theorem|Riemann.Analysis.FiniteWindow.nativePolar_weilOperator._abel_1_2
DECL|theorem|Riemann.Analysis.HalfLine.criticalKernel_of_neg
DECL|theorem|Riemann.CCM.Native.oddHighVector._proof_1
DECL|theorem|Riemann.CCM.Native.lowFreeOperator._proof_7
DECL|theorem|Riemann.CCM.InverseEnergyData.pencil_log_ratio_eq._simp_1_7
DECL|theorem|Riemann.Analysis.HalfLine.rawGraphDefect_ne_zero
DECL|theorem|Riemann.Arithmetic.nativePrimeFactor_left_inverse
DECL|definition|Riemann.CCM.InverseEnergyData.freeLogRatio
DECL|theorem|Riemann.Analysis.FiniteWindow.hermitianShift_entry._simp_1_8
DECL|definition|Riemann.CCM.Native.GroundAdmission.ctorIdx
DECL|theorem|Riemann.Basic.columnMassSqrt._proof_7
DECL|theorem|Riemann.CCM.FullSimpleEvenData.groundComplementProjection._proof_5
DECL|theorem|Riemann.Analysis.FiniteWindow.nativeCompression._proof_26
DECL|theorem|Riemann.Capacity.columnEnergy._proof_2
DECL|theorem|Riemann.Analysis.FiniteWindow.gamma_logistic_difference._simp_1_1
DECL|theorem|Riemann.Capacity.PositivePencil.orthogonalSum_pencil
DECL|definition|Riemann.Capacity.GraphData.betaGraph
DECL|theorem|Riemann.Capacity.PositivePencil.energy_nonneg
DECL|theorem|Riemann.CCM.FullSimpleEvenData.oddGraphData._proof_10
DECL|theorem|Riemann.Analysis.FiniteWindow.sumCoefficients._proof_1
DECL|theorem|Riemann.CCM.InverseEnergyData.inversePencil_mass
DECL|theorem|Riemann.CCM.Native.native_boundaryCharacteristic_nonreal
DECL|theorem|Riemann.Capacity.GraphData.capacityWithLattice_bounds
DECL|theorem|Riemann.Analysis.FiniteWindow.completedFrame_completedSource
DECL|theorem|Riemann.Analysis.FiniteWindow.primeCurrent_commute_shift
DECL|definition|Riemann.CCM.FullSimpleEvenData.boundaryResponse
DECL|theorem|Riemann.Basic.positiveInverse_left
DECL|definition|Riemann.Analysis.FiniteWindow.nativeCompletedSource
DECL|theorem|Riemann.Capacity.RankOneBlocks.inverse_normal_pairing
DECL|theorem|Riemann.CCM.Native.odd_pair_resolvent._simp_1_1
DECL|theorem|Riemann.Basic.PositiveSchur.block._proof_8
DECL|theorem|Riemann.Basic.PositiveSchur.ThreeData.mk.sizeOf_spec
DECL|recursor|Riemann.CCM.InverseEnergyData.rec
DECL|theorem|Riemann.Basic.PositiveSchur.ThreeData.first_effective
DECL|theorem|Riemann.CCM.InverseEnergyData.boundaryCorrection_integral_bounds
DECL|theorem|Riemann.Capacity.GraphData.fullPencil.eq_1
DECL|theorem|Riemann.Analysis.FiniteWindow.HasACDerivative._proof_1
DECL|theorem|Riemann.Capacity.GraphData.graphOperator_adjoint
DECL|theorem|Riemann.Basic.galerkinResidual.eq_1
DECL|theorem|Riemann.Analysis.GammaCompletion.baseDerivative.eq_1
DECL|definition|Riemann.Analysis.currentForm
DECL|definition|Riemann.Basic.PositiveSchur.ThreeData.successiveSolution
DECL|definition|Riemann.Analysis.HalfLine.rawBoxScalar
DECL|theorem|Riemann.Basic.hasDerivAt_matrixPencil
DECL|theorem|Riemann.CCM.Native.highMatrixOperator_one
DECL|theorem|Riemann.Analysis.HalfLine.rawBoxVectors_tendsto._simp_1_1
DECL|theorem|Riemann.CCM.InverseEnergyData.hasDerivAt_logarithmicBalance
DECL|definition|Riemann.CCM.InverseEnergyData.responseMoment
DECL|theorem|Riemann.CCM.Native.shifted_argument
DECL|definition|Riemann.Analysis.FiniteWindow.compensatedIntegral
DECL|theorem|Riemann.Analysis.FiniteWindow.nativeGammaCompression._proof_16
DECL|theorem|Riemann.Capacity.trace_diagonal
DECL|theorem|Riemann.CCM.FullSimpleEvenData.groundComplementProjection._proof_3
DECL|theorem|Riemann.Analysis.FiniteWindow.primeAlgebra._proof_4
DECL|definition|Riemann.Analysis.FiniteWindow.nativeGammaCoefficients
DECL|theorem|Riemann.Basic.whitenedColumns_reconstruct
DECL|theorem|Riemann.CCM.Native.oddHighVector_orthonormal._simp_1_7
DECL|theorem|Riemann.CCM.FullSimpleEvenData.shifted_displacement
DECL|theorem|Riemann.Analysis.FiniteWindow.primeShift._proof_1
DECL|theorem|Riemann.CCM.Native.fullHighIndexEquiv._proof_6
DECL|theorem|Riemann.Capacity.PositivePencil.orthogonalSum._proof_2
DECL|definition|Riemann.Capacity.GraphData.A₁
DECL|theorem|Riemann.CCM.Native.positiveLatticeWeight_nonneg
DECL|theorem|Riemann.Analysis.FiniteWindow.nativeGammaCompression._proof_9
DECL|theorem|Riemann.CCM.FullSimpleEvenData.groundComplementProjection._proof_7
DECL|definition|Riemann.Arithmetic.WindowFunctions
DECL|theorem|Riemann.Analysis.HalfLine.finite_support_mono
DECL|theorem|Riemann.Analysis.HalfLine.rawWeight.eq_1
DECL|definition|Riemann.CCM.FullSimpleEvenData.mk.noConfusion
DECL|definition|Riemann.Capacity.GraphData.graphLift
DECL|theorem|Riemann.CCM.Native.frequency_half_period._simp_1_6
DECL|theorem|Riemann.Basic.galerkinResponse.eq_1
DECL|theorem|Riemann.Analysis.HalfLine.rawPartialSum._proof_2
DECL|theorem|Riemann.Arithmetic.prime_geometric_sum_eq_range
DECL|theorem|Riemann.Capacity.GraphData.graphPencil.eq_1
DECL|theorem|Riemann.Analysis.FiniteWindow.fourierShiftCompression_entry_integral._simp_1_9
DECL|theorem|Riemann.Analysis.HalfLine.sum_arithmeticKernelTerm
DECL|theorem|Riemann.CCM.Native.endpointRow_dot
DECL|theorem|Riemann.Basic.positiveInverse_symmetric
DECL|theorem|Riemann.Analysis.FiniteWindow.projection_self
DECL|theorem|Riemann.Analysis.HalfLine.norm_unitExponential
DECL|theorem|Riemann.Capacity.PositivePencil.ext
DECL|theorem|Riemann.CCM.Native.highCoordinateEquiv_freePencil
DECL|theorem|Riemann.Basic.PositiveSchur.block._proof_5
DECL|theorem|Riemann.Capacity.GraphData.high_displacement
DECL|theorem|Riemann.Analysis.FiniteWindow.primeShift._proof_4
DECL|theorem|Riemann.Analysis.FiniteWindow.scaleCoefficients._proof_1
DECL|definition|Riemann.CCM.Native.nativeLowHighEquiv
DECL|theorem|Riemann.Analysis.HalfLine.rawGraphDefect_ae
DECL|theorem|Riemann.Analysis.FiniteWindow.compensatedIntegral._proof_4
DECL|theorem|Riemann.Source.minimumNormMap_apply
DECL|theorem|Riemann.Analysis.FiniteWindow.nativeCompression._proof_13
DECL|theorem|Riemann.CCM.Native.ofMatrix._proof_7
DECL|theorem|Riemann.CCM.Native.lowHighIndexEquiv._proof_1
DECL|definition|Riemann.CCM.FullSimpleEvenData.boundaryCompression
DECL|theorem|Riemann.Analysis.FiniteWindow.gammaIntegrand._proof_4
DECL|theorem|Riemann.CCM.FullSimpleEvenData.shifted_corrected_apply
DECL|theorem|Riemann.Basic.lineProjector_range
DECL|theorem|Riemann.Analysis.HalfLine.smoothingOperator._proof_1
DECL|theorem|Riemann.Analysis.FiniteWindow.gamma_convolution_integrable
DECL|theorem|Riemann.Capacity.inverseMassTrace._proof_1
DECL|theorem|Riemann.Basic.PositiveSchur.ThreeData.solution_transitivity
DECL|theorem|Riemann.Basic.PositiveSchur.Data.A_positive
DECL|theorem|Riemann.Analysis.HalfLine.rawGraphDefect._proof_2
DECL|definition|Riemann.Basic.PositiveSchur.ThreeData.direct
DECL|theorem|Riemann.Analysis.HalfLine.smoothingOperator_raw_term
DECL|theorem|Riemann.Analysis.FiniteWindow.fourierShiftCompression_entry_offDiagonal._simp_1_3
DECL|theorem|Riemann.Analysis.FiniteWindow.compensatedIntegral._proof_17
DECL|theorem|Riemann.Basic.vectorHyperplane._proof_4
DECL|definition|Riemann.CCM.Native.derivative
DECL|theorem|Riemann.Basic.strictlyPositiveEquiv._proof_3
DECL|theorem|Riemann.CCM.Native.highCoordinateEquiv_apply
DECL|theorem|Riemann.Analysis.FiniteWindow.fourierShiftCompression_entry_offDiagonal
DECL|theorem|Riemann.Analysis.FiniteWindow.mem_gammaCurrentDomain_of_sqrt_modulus
DECL|theorem|Riemann.Basic.boundaryRow_projector_adjoint
DECL|definition|Riemann.Analysis.HalfLine.rawPartialSum
DECL|theorem|Riemann.Basic.positivePair_diagonalization
DECL|theorem|Riemann.Analysis.HalfLine.criticalKernelL1_ae
DECL|theorem|Riemann.Basic.PositiveSchur.ThreeData.ofBlocks._proof_1
DECL|theorem|Riemann.CCM.InverseEnergyData.inversePencil_beta
DECL|theorem|Riemann.Analysis.HalfLine.box.congr_simp
DECL|theorem|Riemann.CCM.InverseEnergyData.logarithmicEnergy_identity._simp_1_2
DECL|theorem|Riemann.Analysis.FiniteWindow.completedRangeEquiv._proof_2
DECL|theorem|Riemann.Arithmetic.nativeMoebius_right_inverse
DECL|theorem|Riemann.Analysis.FiniteWindow.HasGenerator.mem_gammaCurrentDomain
DECL|theorem|Riemann.Analysis.HalfLine.supportProjection_completedOperator_supportProjection
DECL|theorem|Riemann.CCM.Native.highPositiveIndex_injective._proof_1_2
DECL|theorem|Riemann.CCM.Native.highMatrixOperator._proof_4
DECL|theorem|Riemann.CCM.Native.odd_synthesis_resolvent
DECL|theorem|Riemann.Basic.boundaryRow_apply
DECL|theorem|Riemann.Analysis.HalfLine.boxFunction_memLp
DECL|theorem|Riemann.Basic.PositiveSchur.Data.solve._abel_1_1
DECL|theorem|Riemann.CCM.Native.half_frequency._simp_1_6
DECL|theorem|Riemann.Analysis.FiniteWindow.volterraLinearMap._proof_2
DECL|theorem|Riemann.Analysis.FiniteWindow.literalColumnMetric._proof_4
DECL|theorem|Riemann.Basic.mul_complexSinc._simp_1_3
DECL|theorem|Riemann.CCM.FullSimpleEvenData.boundaryCoupling_eq_shifted
DECL|definition|Riemann.CCM.FullSimpleEvenData.boundaryCoupling
DECL|theorem|Riemann.Analysis.GammaCompletion.norm_limitingCurrentKernel_le
DECL|theorem|Riemann.CCM.Native.oddHighVector_zeta_pairing._simp_1_6
DECL|definition|Riemann.Capacity.GraphData.couplingGraphMass
DECL|theorem|Riemann.CCM.Native.summable_latticeTail
DECL|theorem|Riemann.Analysis.HalfLine.supportProjection_tendsto
DECL|theorem|Riemann.CCM.FullSimpleEvenData.ground_bright._simp_1_1
DECL|theorem|Riemann.Source.minimumNorm_energy
DECL|theorem|Riemann.Analysis.FiniteWindow.nativePrime_weilOperator._abel_1_2
DECL|theorem|Riemann.Basic.PositiveSchur.Data.solution_unique
DECL|theorem|Riemann.Basic.columnMassSqrt._proof_17
DECL|theorem|Riemann.CCM.Native.latticeTail_le._simp_1_7
DECL|theorem|Riemann.CCM.Native.freeMatrix_det_ne_zero_iff._simp_1_3
DECL|theorem|Riemann.Basic.PositiveSchur.Data.solution.eq_1
DECL|theorem|Riemann.CCM.Native.integral_fourierFunction_centered._simp_1_5
DECL|theorem|Riemann.Capacity.RankOneBlocks.short_lowResponse
DECL|theorem|Riemann.Analysis.FiniteWindow.integrable_cut_translation
DECL|theorem|Riemann.Analysis.FiniteWindow.fourierShiftCompression._proof_10
DECL|theorem|Riemann.Basic.PositiveSchur.Data.solve._abel_1_3
DECL|theorem|Riemann.CCM.Native.highCoordinateEquiv_symm_inner
DECL|theorem|Riemann.Analysis.FiniteWindow.hasGenerator_iff_hasACDerivative
DECL|theorem|Riemann.Analysis.FiniteWindow.norm_killedShift_apply_le
DECL|theorem|Riemann.Analysis.FiniteWindow.nativePrimeCoefficients.eq_1
DECL|theorem|Riemann.Analysis.FiniteWindow.inner_volterra_cross._simp_1_1
DECL|theorem|Riemann.CCM.Native.fullHighIndexEquiv._proof_9
DECL|theorem|Riemann.Analysis.FiniteWindow.completedFrame_nativeCompletedSource
DECL|theorem|Riemann.Analysis.HalfLine.volterra_finiteInclusion
DECL|theorem|Riemann.Analysis.FiniteWindow.terminalPrimitive._proof_1
DECL|theorem|Riemann.Analysis.HalfLine.compactSupport_dense
DECL|theorem|Riemann.Analysis.FiniteWindow.terminalPrimitive_absolutelyContinuous
DECL|theorem|Riemann.CCM.Native.boundaryCharacteristic_eq_fourier._simp_1_3
DECL|theorem|Riemann.Analysis.FiniteWindow.gammaWeight_sqrt_le
DECL|theorem|Riemann.Capacity.GraphData.betaGraph._proof_8
DECL|theorem|Riemann.Analysis.HalfLine.volterra_rawGraphDefect
DECL|theorem|Riemann.Capacity.highIncl._proof_1
DECL|theorem|Riemann.CCM.InverseEnergyData.boundaryCorrection_second_derivative._simp_1_8
DECL|theorem|Riemann.Basic.PositiveSchur.Data.solution_eq_inverse
DECL|theorem|Riemann.CCM.Native.highRealEnergy_pos
DECL|theorem|Riemann.CCM.Native.nativeHigh_energy_positive
DECL|theorem|Riemann.Analysis.FiniteWindow.terminalPrimitive_terminal
DECL|theorem|Riemann.CCM.constantModeExample._proof_18
DECL|theorem|Riemann.Capacity.PositivePencil.softMean.congr_simp
DECL|theorem|Riemann.CCM.Native.odd_high_ext._proof_1_1
DECL|theorem|Riemann.Analysis.FiniteWindow.cut.eq_1
DECL|theorem|Riemann.Analysis.HalfLine.unitExponential.eq_1
DECL|theorem|Riemann.Analysis.HalfLine.critical_first_cancellation
DECL|theorem|Riemann.CCM.FullSimpleEvenData.groundComplementTopologyEquiv._proof_7
DECL|theorem|Riemann.CCM.Native.highSynthesis_positive._simp_1_1
DECL|definition|Riemann.Basic.vectorHyperplane
DECL|theorem|Riemann.Analysis.FiniteWindow.compensatedOrbit._proof_1
DECL|theorem|Riemann.Arithmetic.killedShift_zero
DECL|definition|Riemann.Capacity.GraphData.noConfusionType
DECL|theorem|Riemann.CCM.constantModeExample._proof_3
DECL|theorem|Riemann.Analysis.HalfLine.finiteInclusion._proof_4
DECL|theorem|Riemann.CCM.Native.native_boundarySoftMean_im
DECL|definition|Riemann.Analysis.FiniteWindow.gammaWeight
DECL|theorem|Riemann.Analysis.FiniteWindow.fourierHilbert.eq_1
DECL|theorem|Riemann.Basic.galerkinGram._proof_5
DECL|theorem|Riemann.Analysis.HalfLine.boxVector_mem_compactSupport
DECL|theorem|Riemann.Basic.matrixContraction._proof_7
DECL|theorem|Riemann.CCM.Native.oddHighVector_apply
DECL|theorem|Riemann.CCM.Native.Coefficients.mk.congr_simp
DECL|theorem|Riemann.Analysis.HalfLine.norm_boxVector_sq
DECL|theorem|Riemann.Analysis.FiniteWindow.fourierShiftCompression_entry_integral
DECL|theorem|Riemann.Capacity.PositivePencil.congruence.congr_simp
DECL|definition|Riemann.Basic.columnMass
DECL|definition|Riemann.Analysis.HalfLine.cutCLM
DECL|theorem|Riemann.CCM.Native.oddHighRealSynthesis_odd
DECL|definition|Riemann.Analysis.GammaCompletion.prefactor
DECL|theorem|Riemann.CCM.InverseEnergyData.mk.sizeOf_spec
DECL|theorem|Riemann.CCM.Native.native_anchoredBoundaryCharacteristic_anchor
DECL|definition|Riemann.Analysis.FiniteWindow.primeDerivative
DECL|theorem|Riemann.Analysis.FiniteWindow.compensatedShift._proof_10
DECL|theorem|Riemann.Analysis.FiniteWindow.fourierShiftCompression._proof_6
DECL|theorem|Riemann.Basic.correctedMatrix_determinant_ratio
DECL|theorem|Riemann.CCM.InverseEnergyData.highMean_eq
DECL|theorem|Riemann.Analysis.StrongContractionFamily.integration._proof_2
DECL|theorem|Riemann.Basic.complexSinc_ne_zero_of_im_ne_zero
DECL|theorem|Riemann.CCM.FullSimpleEvenData.groundVector_eq_normalizedGround
DECL|definition|Riemann.Basic.PositiveSchur.Data.casesOn
DECL|theorem|Riemann.CCM.InverseEnergyData.boundaryVector.eq_1
DECL|theorem|Riemann.CCM.FullSimpleEvenData.metric_intertwining
DECL|theorem|Riemann.Basic.columnMass._proof_5
DECL|theorem|Riemann.Capacity.endpointCorrectedColumns._proof_7
DECL|theorem|Riemann.Arithmetic.nativePrimeFactor_sum._simp_1_3
DECL|theorem|Riemann.CCM.Native.latticeTail_zero_eq_hyperbolic
DECL|theorem|Riemann.CCM.Native.nativeShifted._proof_1
DECL|theorem|Riemann.Analysis.FiniteWindow.fourierInclusion._proof_7
DECL|theorem|Riemann.Analysis.FiniteWindow.nativeCompletedCompression._proof_20
DECL|theorem|Riemann.Analysis.FiniteWindow.completed_polar_derivative
DECL|theorem|Riemann.Capacity.GraphData.graph_metric
DECL|theorem|Riemann.Analysis.FiniteWindow.fourierShiftCompression_entry_integral._simp_1_7
DECL|theorem|Riemann.CCM.FullSimpleEvenData.oddColumnPencil._proof_1
DECL|theorem|Riemann.Analysis.FiniteWindow.integrable_coefficients_of_entries._simp_1_7
DECL|theorem|Riemann.Arithmetic.arithmeticBound_pos
DECL|definition|Riemann.Basic.positiveInverse
DECL|theorem|Riemann.Analysis.FiniteWindow.nativeCompression._proof_21
DECL|theorem|Riemann.CCM.Native.GroundAdmission.simple
DECL|theorem|Riemann.CCM.Native.canonicalNativeGraphData_fullMean
DECL|theorem|Riemann.Capacity.GraphData.liftedPencil._proof_1
DECL|definition|Riemann.Analysis.FiniteWindow.completedDerivative
DECL|theorem|Riemann.CCM.Native.half_frequency._simp_1_5
DECL|definition|Riemann.Analysis.HalfLine.shift
DECL|theorem|Riemann.Analysis.FiniteWindow.gamma_logistic_difference._simp_1_3
DECL|theorem|Riemann.CCM.Native.oddHighRealSynthesis_injective
DECL|theorem|Riemann.CCM.Native.dimensionless_lattice_eq_cot._simp_1_2
DECL|theorem|Riemann.CCM.Native.highSynthesis_surjective._simp_1_5
DECL|theorem|Riemann.Capacity.PositivePencil.pencil._proof_1
DECL|theorem|Riemann.Analysis.FiniteWindow.gamma_kernel_convolution
DECL|theorem|Riemann.Capacity.PositivePencil.compress.eq_1
DECL|definition|Riemann.CCM.InverseEnergyData.logarithmicBalance
DECL|definition|Riemann.Analysis.GammaCompletion.baseL1
DECL|theorem|Riemann.CCM.Native.half_frequency
DECL|theorem|Riemann.Basic.complexSinc_eq_dslope
DECL|theorem|Riemann.Basic.PositiveSchur.ThreeData.firstA._proof_2
DECL|theorem|Riemann.Analysis.FiniteWindow.compensatedIntegral._proof_13
DECL|definition|Riemann.Analysis.FiniteWindow.Ambient
DECL|theorem|Riemann.Analysis.FiniteWindow.compensatedShift._proof_3
DECL|theorem|Riemann.CCM.InverseEnergyData.pencil_log_ratio_eq._simp_1_4
DECL|theorem|Riemann.Source.gram_injective
DECL|theorem|Riemann.Analysis.FiniteWindow.gammaOperator_half_mem_gammaCurrentDomain
DECL|theorem|Riemann.Analysis.hasDerivAt_frozenSourceColumnGram
DECL|theorem|Riemann.CCM.FullSimpleEvenData.ground_bright
DECL|theorem|Riemann.CCM.Native.oddHighVector_zeta_pairing._simp_1_3
DECL|theorem|Riemann.Analysis.FiniteWindow.weightedOrbit_eq_zero
DECL|theorem|Riemann.CCM.FullSimpleEvenData.oddGraphData._proof_23
DECL|theorem|Riemann.CCM.Native.native_displacement._simp_1_1
DECL|definition|Riemann.CCM.FullSimpleEvenData.instAddCommGroupGroundComplement._aux_14
DECL|theorem|Riemann.Analysis.GammaCompletion.measurable_limitingCurrentKernel
DECL|theorem|Riemann.Arithmetic.multiplicativeShift.eq_1
DECL|theorem|Riemann.CCM.FullSimpleEvenData.boundaryProjection_decomposition
DECL|theorem|Riemann.Basic.physicalCompression._proof_3
DECL|theorem|Riemann.Analysis.FiniteWindow.primeAlgebra._proof_1
DECL|definition|Riemann.Basic.PositiveSchur.Data.inverseShort
DECL|theorem|Riemann.Capacity.GraphData.fullPencil._proof_4
DECL|theorem|Riemann.Capacity.GraphData.couplingTheta.eq_1
DECL|theorem|Riemann.CCM.Native.highPositiveIndex_ne_rev
DECL|theorem|Riemann.Basic.galerkinResponse_reproduces
DECL|theorem|Riemann.Analysis.FiniteWindow.nativeCompression._proof_16
DECL|theorem|Riemann.Analysis.FiniteWindow.nativePolarCoefficients._proof_1
DECL|theorem|Riemann.CCM.FullSimpleEvenData.H_selfadjoint
DECL|theorem|Riemann.CCM.FullSimpleEvenData.corrected._proof_4
DECL|theorem|Riemann.CCM.FullSimpleEvenData.shifted_positive
DECL|theorem|Riemann.CCM.Native.nativeShifted._proof_3
DECL|theorem|Riemann.Arithmetic.shiftAlgebra_comm
DECL|theorem|Riemann.Basic.PositiveSchur.ThreeData.firstA._proof_1
DECL|definition|Riemann.CCM.FullSimpleEvenData.groundComplementTopologyEquiv
DECL|theorem|Riemann.Analysis.FiniteWindow.addCoefficients._proof_1
DECL|theorem|Riemann.CCM.Native.oddHighRealSynthesis_positive
DECL|definition|Riemann.CCM.FullSimpleEvenData.GroundComplement
DECL|theorem|Riemann.CCM.FullSimpleEvenData.boundary_observation_anchor_ne_zero
DECL|theorem|Riemann.Analysis.FiniteWindow.killedShift_agrees_algebraic_ae
DECL|theorem|Riemann.Analysis.HalfLine.smoothingOperator._proof_2
DECL|theorem|Riemann.CCM.Native.fullHighIndexEquiv._proof_1
DECL|theorem|Riemann.Analysis.StrongContractionFamily.norm_integral_kernel_orbit_le
DECL|definition|Riemann.CCM.Native.nativeShifted
DECL|theorem|Riemann.Analysis.FiniteWindow.completedFrame._proof_1
DECL|theorem|Riemann.CCM.FullSimpleEvenData.boundary_schur_unnormalized
DECL|theorem|Riemann.Basic.PositiveSchur.Data.short_inner
DECL|theorem|Riemann.Analysis.HalfLine.integrable_volterraKernel
DECL|theorem|Riemann.CCM.Native.mode_range._proof_1_2
DECL|theorem|Riemann.Capacity.RankOneBlocks.inverse_normal
DECL|theorem|Riemann.Capacity.GraphData.pencilBlocks.congr_simp
DECL|definition|Riemann.Analysis.HalfLine.unitExponential
DECL|definition|Riemann.Basic.PositiveSchur.ThreeData.ofBlocks
DECL|theorem|Riemann.Basic.mul_complexSinc._simp_1_5
DECL|theorem|Riemann.Basic.PositiveSchur.block._proof_3
DECL|theorem|Riemann.Analysis.HalfLine.cutCLM._proof_2
DECL|theorem|Riemann.CCM.Native.sinc_at_lattice
DECL|theorem|Riemann.Analysis.FiniteWindow.primeCharacter._proof_3
DECL|theorem|Riemann.Source.gramEquiv._proof_1
DECL|theorem|Riemann.Basic.PositiveSchur.ThreeData.positive
DECL|theorem|Riemann.Analysis.HalfLine.rawPartialSum_finiteInclusion
DECL|definition|Riemann.CCM.Native.weilMatrix
DECL|definition|Riemann.Analysis.FiniteWindow.fourierInclusion
DECL|theorem|Riemann.Capacity.GraphData.capacityWithLattice_decomposition
DECL|theorem|Riemann.CCM.FullSimpleEvenData.boundaryEnergy_schur
DECL|theorem|Riemann.CCM.constantModeExample._proof_2
DECL|theorem|Riemann.Basic.boundaryRow_adjoint_one
DECL|theorem|Riemann.Analysis.HalfLine.rawBoxScalar_nonneg
DECL|theorem|Riemann.Capacity.inverseMassTrace_hyperplane
DECL|theorem|Riemann.CCM.Native.latticeTail_split
DECL|theorem|Riemann.CCM.Native.differentiable_boundaryCharacteristic
DECL|theorem|Riemann.Analysis.GammaCompletion.hasDerivAt_kernel_half
DECL|theorem|Riemann.Analysis.HalfLine.volterra_exponential
DECL|theorem|Riemann.CCM.FullSimpleEvenData.complementCorrected_selfadjoint
DECL|theorem|Riemann.CCM.Native.canonicalNativeGraphData_highMean
DECL|constructor|Riemann.Analysis.StrongContractionFamily.mk
DECL|theorem|Riemann.Analysis.GammaCompletion.prefactor_half
DECL|theorem|Riemann.CCM.Native.oddHighFree._proof_1
DECL|theorem|Riemann.Capacity.PositivePencil.compress._proof_1
DECL|theorem|Riemann.Capacity.GraphData.highPencil._proof_2
DECL|definition|Riemann.Capacity.PositivePencil.softMean
DECL|theorem|_private.Riemann.Analysis.HalfLine.RawEuler.0.Riemann.Analysis.HalfLine.supportWitness._proof_1
DECL|theorem|Riemann.CCM.InverseEnergyData.inverseEnergy_pos
DECL|theorem|Riemann.CCM.Native.reflection_selfadjoint
DECL|theorem|Riemann.Analysis.StrongContractionFamily.hasDerivAt_integration
DECL|theorem|Riemann.CCM.Native.derivative_kernel
DECL|theorem|Riemann.CCM.FullSimpleEvenData.oddColumnPencil._proof_2
DECL|theorem|Riemann.Analysis.FiniteWindow.resolventFactor._proof_1
DECL|theorem|Riemann.CCM.Native.boundaryMatrix_derivative_ratio
DECL|theorem|Riemann.Analysis.FiniteWindow.gammaIntegrand_split
DECL|theorem|Riemann.Analysis.FiniteWindow.HasACDerivative._proof_3
DECL|theorem|Riemann.Analysis.FiniteWindow.fourierShiftCompression._proof_8
DECL|definition|Riemann.Analysis.GammaCompletion.kernel
DECL|theorem|Riemann.Capacity.highIncl._proof_2
DECL|theorem|Riemann.Analysis.StrongContractionFamily.integrationLinearMap._proof_1
DECL|definition|Riemann.CCM.FullSimpleEvenData.oddCorrectedColumnPencil
DECL|theorem|Riemann.Capacity.PositivePencil.softMean_common_hyperplane
DECL|theorem|Riemann.Analysis.GammaCompletion.base_arg_lower
DECL|theorem|Riemann.CCM.InverseEnergyData.inversePencil_boundaryVector_ne_zero
DECL|theorem|Riemann.CCM.Native.latticeTail_zero_eq_cot._simp_1_3
DECL|theorem|Riemann.Capacity.endpointCorrectedColumns_apply
DECL|definition|Riemann.CCM.Native.oddHighInclusion
DECL|theorem|Riemann.Basic.lineProjector_adjoint
DECL|theorem|Riemann.Analysis.FiniteWindow.gamma_background_cancellation
DECL|definition|Riemann.CCM.Native.constant
DECL|recursor|Riemann.CCM.FullSimpleEvenData.rec
DECL|theorem|Riemann.Basic.PositiveSchur.ThreeData.firstForcing.eq_1
DECL|theorem|Riemann.CCM.Native.frequency_half_period
DECL|theorem|Riemann.Analysis.HalfLine.criticalKernel_integrable
DECL|theorem|Riemann.CCM.Native.weilMatrix_symmetric._simp_1_4
DECL|theorem|Riemann.Capacity.GraphData.highOperator_positive
DECL|theorem|Riemann.Analysis.FiniteWindow.nativeCompletedSource.congr_simp
DECL|theorem|Riemann.CCM.Native.nativeHighMass.eq_1
DECL|theorem|Riemann.Basic.PositiveSchur.block._proof_1
DECL|theorem|Riemann.CCM.InverseEnergyData.responseMoment.eq_1
DECL|theorem|Riemann.Capacity.endpointCorrectedColumns_common_compression
DECL|theorem|Riemann.Analysis.FiniteWindow.mem_supported_iff
DECL|theorem|Riemann.Basic.PositiveSchur.ThreeData.solution_transitivity._abel_1_1
DECL|theorem|Riemann.Analysis.FiniteWindow.literalColumnMetric._proof_3
DECL|theorem|Riemann.Basic.PositiveSchur.crossBlock.eq_1
DECL|theorem|Riemann.CCM.Native.reflection_apply
DECL|theorem|Riemann.Capacity.GraphData.displacement
DECL|theorem|Riemann.Analysis.FiniteWindow.generator_volterra_inverse
DECL|theorem|Riemann.Capacity.PositivePencil.softMean_hyperplane_lt_one
DECL|theorem|Riemann.Analysis.HalfLine.finiteInclusion._proof_1
DECL|theorem|Riemann.CCM.FullSimpleEvenData.D_selfadjoint
DECL|theorem|Riemann.CCM.Native.latticeTail_le._simp_1_3
DECL|theorem|Riemann.Analysis.GammaCompletion.coe_baseDerivativeL1
DECL|theorem|Riemann.Arithmetic.killedShift_eq_zero
DECL|definition|Riemann.CCM.Native.GroundAdmission.casesOn
DECL|theorem|Riemann.CCM.Native.latticeFrequency._proof_1
DECL|theorem|Riemann.Analysis.FiniteWindow.nativeCompression._proof_5
DECL|theorem|Riemann.Analysis.HalfLine.smoothingOperator.eq_1
DECL|definition|Riemann.Analysis.FiniteWindow.supported
DECL|theorem|Riemann.CCM.Native.nativeHighMass_symmetric
DECL|theorem|Riemann.Source.observation_minimumNorm
DECL|theorem|Riemann.CCM.Native.fullHighIndexEquiv._proof_7
DECL|theorem|Riemann.Analysis.FiniteWindow.literalColumnMetric._proof_1
DECL|theorem|Riemann.Analysis.GammaCompletion.logPrimitive._proof_1
DECL|theorem|Riemann.CCM.FullSimpleEvenData.oddGraphData.eq_1
DECL|theorem|Riemann.CCM.Native.phased_sinc._simp_1_7
DECL|theorem|Riemann.Basic.columnMassSqrtEquiv_apply
DECL|theorem|Riemann.Basic.columnMassSqrt._proof_16
DECL|theorem|Riemann.Analysis.HalfLine.volterra_exponential._simp_1_3
DECL|definition|Riemann.CCM.FullSimpleEvenData.ctorIdx
DECL|theorem|Riemann.Analysis.HalfLine.rawGraphDefect.eq_1
DECL|theorem|Riemann.Analysis.FiniteWindow.completedRangeEquiv_coe
DECL|theorem|Riemann.Capacity.PositivePencil.mk.injEq
DECL|theorem|Riemann.Analysis.HalfLine.supportProjection_sub_norm_sq
DECL|theorem|Riemann.CCM.Native.lowFreeOperator._proof_5
DECL|inductive|Riemann.Basic.PositiveSchur.Data
DECL|theorem|Riemann.Capacity.PositivePencil.congruence._proof_1
DECL|definition|Riemann.CCM.FullSimpleEvenData.b
DECL|theorem|Riemann.Analysis.FiniteWindow.polarOperator.eq_1
DECL|theorem|Riemann.Analysis.FiniteWindow.primeCharacter._proof_4
DECL|theorem|Riemann.Basic.PositiveSchur.ThreeData.firstLift_energy
DECL|theorem|Riemann.CCM.Native.frequency_half_period._simp_1_4
DECL|theorem|Riemann.CCM.Native.fullHighIndexEquiv._proof_4
DECL|theorem|Riemann.CCM.Native.cot_pair_imaginary._simp_1_2
DECL|theorem|Riemann.Analysis.FiniteWindow.volterra_ae
DECL|theorem|Riemann.Analysis.HalfLine.volterra_resolvent_identity
DECL|theorem|Riemann.CCM.FullSimpleEvenData.boundaryCompressionEquiv._proof_4
DECL|theorem|Riemann.CCM.Native.ground_derivative_odd_inverse._abel_1_1
DECL|theorem|Riemann.CCM.FullSimpleEvenData.shifted_apply
DECL|definition|Riemann.CCM.FullSimpleEvenData.boundary
DECL|theorem|Riemann.Analysis.HalfLine.smoothingOperator_rawPartialSum
DECL|theorem|Riemann.CCM.Native.ofMatrix._proof_6
DECL|theorem|Riemann.Analysis.HalfLine.finiteProjection._proof_1
DECL|theorem|Riemann.Analysis.FiniteWindow.resolventFactor_mul_resolvent._abel_1_1
DECL|theorem|Riemann.Basic.physicalCompression.eq_1
DECL|theorem|Riemann.CCM.Native.realColumnGram.eq_1
DECL|theorem|Riemann.Capacity.GraphData.graphPencil._proof_1
DECL|theorem|Riemann.CCM.FullSimpleEvenData.boundary_normalizedGround
DECL|definition|Riemann.CCM.InverseEnergyData.mk._flat_ctor
DECL|theorem|Riemann.CCM.Native.integral_symmetric_exp._simp_1_3
DECL|definition|Riemann.Capacity.GraphData.decoupledPencil
DECL|theorem|Riemann.Arithmetic.coefficientDerivative_zeta
DECL|theorem|Riemann.Analysis.FiniteWindow.polar_negative_logarithmic_derivative
DECL|theorem|Riemann.Basic.PositiveSchur.ThreeData.firstA.eq_1
DECL|theorem|Riemann.Analysis.FiniteWindow.fourierShiftConstant_nonneg
DECL|theorem|Riemann.Arithmetic.killedShift_commute
DECL|theorem|Riemann.CCM.Native.odd_high_ext._proof_1_4
DECL|theorem|Riemann.Analysis.HalfLine.supportProjection_coe
DECL|definition|Riemann.CCM.FullSimpleEvenData.reflection
DECL|theorem|Riemann.Analysis.FiniteWindow.gammaCurrentDomain._proof_1
DECL|theorem|Riemann.CCM.Native.native_displacement._simp_1_5
DECL|theorem|Riemann.Arithmetic.nativePrimeFactor.eq_1
DECL|definition|Riemann.CCM.Native.boundarySoftMean
DECL|theorem|Riemann.Analysis.HalfLine.rawEuler_box_tendsto
DECL|definition|Riemann.Basic.PositiveSchur.crossBlock
DECL|theorem|Riemann.CCM.FullSimpleEvenData.boundarySection_inner_ground
DECL|definition|Riemann.Analysis.FiniteWindow.polarKernel
DECL|theorem|Riemann.Basic.PositiveSchur.ThreeData.direct._proof_4
DECL|theorem|Riemann.Capacity.endpointCorrectedColumns_on_hyperplane
DECL|theorem|Riemann.CCM.Native.oddHighVector_real
DECL|theorem|Riemann.Capacity.scalar_log_ratio_bounds._simp_1_7
DECL|theorem|Riemann.CCM.FullSimpleEvenData.groundVector_schur._abel_1_1
DECL|theorem|Riemann.CCM.Native.ofMatrix_apply
DECL|theorem|Riemann.Analysis.GammaCompletion.continuousOn_base
DECL|definition|Riemann.CCM.Native.highPositiveIndex
DECL|definition|Riemann.CCM.Native.highCoordinateEquiv
DECL|theorem|Riemann.Capacity.PositivePencil.mk.congr_simp
DECL|theorem|Riemann.Analysis.FiniteWindow.volterra_generator_inverse
DECL|definition|Riemann.Analysis.GammaCompletion.base
DECL|theorem|Riemann.Capacity.GraphData.betaGraph._proof_3
DECL|theorem|Riemann.CCM.Native.centeredFourierObservation_resolvent._simp_1_7
DECL|theorem|Riemann.Analysis.FiniteWindow.nativeGammaCoefficients_beta
DECL|theorem|Riemann.CCM.Native.frequency_injective
DECL|theorem|Riemann.CCM.Native.canonicalNativeGraphData._proof_3
DECL|theorem|Riemann.Basic.PositiveSchur.Data.block_adjoint._abel_1_1
DECL|theorem|Riemann.CCM.Native.native_full_resolvent_diagonal
DECL|theorem|Riemann.CCM.Native.centeredFourierObservation._proof_1
DECL|definition|Riemann.Capacity.GraphData.fullPencil
DECL|theorem|Riemann.Capacity.endpointCorrectedColumns.congr_simp
DECL|definition|Riemann.CCM.FullSimpleEvenData.H
DECL|theorem|Riemann.CCM.Native.highSynthesisLinear.eq_1
DECL|theorem|Riemann.Analysis.HalfLine.norm_volterra_le
DECL|theorem|Riemann.CCM.Native.frequency_period._simp_1_1
DECL|theorem|Riemann.CCM.FullSimpleEvenData.groundProjector_idempotent
DECL|theorem|Riemann.Analysis.HalfLine.volterraKernelL1._proof_1
DECL|theorem|Riemann.Basic.correctedMatrix_determinant_ratio._abel_1_1
DECL|theorem|Riemann.Basic.vectorHyperplane_projection_eta
DECL|theorem|Riemann.Capacity.GraphData.lifted_pencil
DECL|definition|Riemann.Basic.PositiveSchur.ThreeData.ctorIdx
DECL|theorem|Riemann.CCM.FullSimpleEvenData.shifted_groundVector
DECL|theorem|Riemann.Basic.complexSinc_int_mul_pi
DECL|definition|Riemann.Arithmetic.multiplicativeShift
DECL|definition|Riemann.CCM.Native.anchoredBoundaryCharacteristic
DECL|theorem|Riemann.CCM.InverseEnergyData.logarithmicBalance.eq_1
DECL|theorem|Riemann.Analysis.GammaCompletion.limitingCurrentKernel_eq
DECL|theorem|Riemann.Basic.PositiveSchur.Data.raw_short
DECL|theorem|Riemann.Analysis.GammaCompletion.alpha._proof_1
DECL|theorem|Riemann.Arithmetic.nativeEuler_factorization
DECL|theorem|Riemann.Analysis.FiniteWindow.integrable_weighted_cut_translation
DECL|theorem|Riemann.Arithmetic.synthesis_mul
DECL|theorem|Riemann.CCM.Native.native_characteristic_coupling_bounds
DECL|theorem|Riemann.Analysis.FiniteWindow.nativeRealVolterraCoefficients_beta
DECL|theorem|Riemann.CCM.Native.highSynthesisLinear._proof_1
DECL|theorem|Riemann.Basic.positiveInverse.congr_simp
DECL|theorem|Riemann.Analysis.FiniteWindow.hasDerivAt_completedFrame_half
DECL|theorem|Riemann.Analysis.HalfLine.shiftFamily._proof_4
DECL|theorem|Riemann.Analysis.HalfLine.shift_add
DECL|theorem|Riemann.Analysis.FiniteWindow.hasDerivAt_nativeSourceWeil
DECL|theorem|Riemann.Analysis.FiniteWindow.fourierInclusion._proof_6
DECL|theorem|Riemann.CCM.Native.boundarySoftMean_of_axis_factorization
DECL|theorem|Riemann.Capacity.GraphData.pencilBlocks._proof_7
DECL|theorem|Riemann.Basic.positivePair_spectral_representation
DECL|theorem|Riemann.Analysis.FiniteWindow.gammaIntegrand_add
DECL|theorem|Riemann.Analysis.FiniteWindow.killedShift_zero
DECL|theorem|Riemann.CCM.Native.highMatrixOperator_apply
DECL|theorem|Riemann.Capacity.GraphData.graphOperator._proof_1
DECL|theorem|Riemann.Analysis.FiniteWindow.gammaTruncated_eq
DECL|theorem|Riemann.CCM.InverseEnergyData.determinantRatio_eq
DECL|theorem|Riemann.CCM.Native.lowHighIndexEquiv._proof_7
DECL|theorem|Riemann.Capacity.endpointCorrectedColumns._proof_2
DECL|theorem|Riemann.CCM.Native.realColumnGram_quadratic
DECL|theorem|Riemann.Arithmetic.sum_factorial_divisors_eq_Ioc._simp_1_1
DECL|theorem|Riemann.CCM.FullSimpleEvenData.groundQuotientEquiv._proof_3
DECL|definition|Riemann.CCM.Native.nativeHighEnergy
DECL|theorem|Riemann.CCM.Native.mode_range
DECL|theorem|Riemann.Basic.hasDerivAt_L1_of_dominated_deriv
DECL|theorem|Riemann.Basic.matrixContraction._proof_9
DECL|theorem|Riemann.CCM.InverseEnergyData.pencil.eq_1
DECL|theorem|Riemann.Analysis.FiniteWindow.norm_shift_fourier_sub_le_sqrt
DECL|theorem|Riemann.CCM.Native.canonicalNativeGraphData_fullMean_real
DECL|theorem|Riemann.Analysis.FiniteWindow.literalSourceColumns._proof_11
DECL|theorem|Riemann.Analysis.HalfLine.inv_sqrt_sum_real_endpoints
DECL|theorem|Riemann.Analysis.HalfLine.arithmeticKernelTerm_of_le
DECL|definition|Riemann.CCM.Native.GroundAdmission._sizeOf_inst
DECL|definition|Riemann.CCM.InverseEnergyData.inversePencil
DECL|theorem|Riemann.Basic.raw_whitened_congruence
DECL|theorem|Riemann.CCM.FullSimpleEvenData.groundComplementProjection._proof_6
DECL|definition|Riemann.Analysis.FiniteWindow.gammaIntegrand
DECL|theorem|Riemann.Analysis.HalfLine.sqrt_increment_upper
DECL|definition|Riemann.Analysis.HalfLine.supported
DECL|theorem|Riemann.Arithmetic.dirichletWeight._proof_3
DECL|definition|Riemann.Capacity.GraphData.couplingHeight
DECL|theorem|Riemann.CCM.Native.reflection_weilOperator
DECL|theorem|Riemann.Basic.positivePair_spectral_representation._simp_1_2
DECL|theorem|Riemann.CCM.Native.highRealMass.eq_1
DECL|theorem|Riemann.Analysis.FiniteWindow.nativeGammaCompression._proof_3
DECL|theorem|Riemann.Analysis.FiniteWindow.compensatedShift._proof_2
DECL|theorem|Riemann.Basic.whitenedColumns._proof_1
DECL|theorem|Riemann.CCM.Native.freeMatrix_resolvent
DECL|theorem|Riemann.Basic.galerkinResidual_adjoint_eq_zero
DECL|theorem|Riemann.Capacity.GraphData.mk.sizeOf_spec
DECL|theorem|Riemann.CCM.Native.positiveLatticeWeight_dimensionless._simp_1_4
DECL|theorem|Riemann.Analysis.FiniteWindow.hasDerivAt_literalSourceGram
DECL|theorem|Riemann.Capacity.PositivePencil.congruence_pencil
DECL|theorem|Riemann.Analysis.GammaCompletion.hasDerivAt_half_log._simp_1_2
DECL|theorem|Riemann.Analysis.HalfLine.integrable_scalar_shift
DECL|theorem|Riemann.CCM.Native.latticeTail_zero_eq_cot
DECL|theorem|Riemann.CCM.InverseEnergyData.fixed_anchor_capacity_of_energy_ratio
DECL|theorem|Riemann.CCM.Native.oddHighProjection._proof_9
DECL|theorem|Riemann.Analysis.FiniteWindow.volterra_apply
DECL|theorem|Riemann.Analysis.absolutelyContinuous_lipschitz_comp
DECL|theorem|Riemann.Capacity.GraphData.graphOperator_positive
DECL|theorem|Riemann.CCM.Native.cot_pair_imaginary
DECL|theorem|Riemann.Analysis.FiniteWindow.gammaOperator._proof_7
DECL|definition|Riemann.CCM.Native.nativeHighPencil
DECL|theorem|Riemann.Analysis.FiniteWindow.compensatedShift_entry_integrable
DECL|theorem|Riemann.Analysis.HalfLine.norm_sq_eq_integral
DECL|theorem|Riemann.Basic.PositiveSchur.Data.energy
DECL|theorem|Riemann.Analysis.HalfLine.sqrt_short_increment
DECL|theorem|Riemann.Basic.PositiveSchur.block._proof_9
DECL|theorem|Riemann.Analysis.HalfLine.sum_arithmeticKernelTerm._proof_1_3
DECL|theorem|Riemann.CCM.Native.centeredFourierObservation_at_mode
DECL|theorem|Riemann.Analysis.FiniteWindow.integrable_logistic_current
DECL|theorem|Riemann.Analysis.FiniteWindow.re_div_I_real._simp_1_4
DECL|theorem|Riemann.Basic.matrixContraction._proof_1
DECL|theorem|Riemann.CCM.Native.odd_high_ext._proof_1_2
DECL|theorem|Riemann.Capacity.GraphData.betaGraph._proof_6
DECL|definition|Riemann.Analysis.FiniteWindow.polarDerivative
DECL|theorem|Riemann.Basic.physicalCompression._proof_2
DECL|theorem|Riemann.CCM.Native.oddHighVector_zeta_pairing._simp_1_8
DECL|definition|Riemann.Arithmetic.eulerSynthesis
DECL|theorem|Riemann.CCM.FullSimpleEvenData.oddGraphData._proof_4
DECL|theorem|Riemann.Analysis.HalfLine.killedShift_add
DECL|definition|Riemann.CCM.Native.Coefficients.mk._flat_ctor
DECL|definition|Riemann.Basic.matrixContraction
DECL|definition|Riemann.Analysis.HalfLine.box
DECL|theorem|Riemann.Analysis.StrongContractionFamily.norm_le
DECL|theorem|Riemann.CCM.constantModeExample._proof_14
DECL|definition|Riemann.Basic.instModuleRealMatrix_riemann
DECL|theorem|Riemann.Arithmetic.coefficientDerivative._proof_1
DECL|theorem|Riemann.Capacity.columnEnergy._proof_8
DECL|definition|Riemann.Analysis.FiniteWindow.volterraToDomain
DECL|theorem|Riemann.Basic.PositiveSchur.crossBlock._proof_7
DECL|theorem|Riemann.CCM.Native.highCoordinateEquiv_symm_apply
DECL|theorem|Riemann.Analysis.HalfLine.projection_coe
DECL|definition|Riemann.CCM.Native.HighIndex
DECL|theorem|Riemann.CCM.Native.cot_pair_imaginary._simp_1_5
DECL|definition|Riemann.CCM.Native.GroundAdmission._sizeOf_1
DECL|theorem|Riemann.CCM.Native.lowHighMerge_inl
DECL|theorem|Riemann.Basic.PositiveSchur.crossBlock._proof_11
DECL|theorem|Riemann.Analysis.FiniteWindow.fourierShiftCompression._proof_9
DECL|theorem|Riemann.Analysis.FiniteWindow.gamma_logistic_difference._simp_1_4
DECL|theorem|Riemann.CCM.Native.logDeriv_imaginary_axis
DECL|theorem|Riemann.Analysis.FiniteWindow.nativeCompletedCompression._proof_13
DECL|theorem|Riemann.Analysis.HalfLine.rawBoxScalar._proof_1
DECL|theorem|Riemann.Analysis.FiniteWindow.fourierShiftCompression_entry_integral._simp_1_3
DECL|theorem|Riemann.CCM.FullSimpleEvenData.instAddCommGroupGroundComplement._proof_21
DECL|theorem|Riemann.Analysis.HalfLine.rawEuler_graphClosure_defect
DECL|definition|Riemann.Basic.PositiveSchur.ThreeData.firstLift
DECL|theorem|Riemann.CCM.Native.lowHighMerge_free
DECL|theorem|Riemann.Analysis.FiniteWindow.gammaCurrent._proof_3
DECL|theorem|Riemann.Analysis.FiniteWindow.primeOperator_mul_inverse
DECL|theorem|Riemann.CCM.Native.native_freeMean_eq_positive_sum
DECL|theorem|Riemann.Analysis.GammaCompletion.logMajorant._proof_1
DECL|theorem|Riemann.Basic.positiveGalerkin_observation
DECL|theorem|Riemann.CCM.FullSimpleEvenData.corrected._proof_7
DECL|theorem|Riemann.Basic.PositiveSchur.ThreeData.firstLift_energy._abel_1_1
DECL|theorem|Riemann.CCM.FullSimpleEvenData.reflection_H
DECL|definition|Riemann.Analysis.FiniteWindow.scaleCoefficients
DECL|theorem|Riemann.Analysis.FiniteWindow.native_correctedEnergy_sourceMatrix
DECL|definition|Riemann.Analysis.StrongContractionFamily.recOn
DECL|theorem|Riemann.CCM.Native.highCoordinateEquiv_inverse
DECL|theorem|Riemann.Analysis.FiniteWindow.compensatedIntegral._proof_7
DECL|theorem|Riemann.Basic.matrixContraction._proof_5
DECL|theorem|Riemann.Analysis.GammaCompletion.coe_baseL1
DECL|theorem|Riemann.CCM.Native.highSynthesis_surjective._simp_1_2
DECL|theorem|Riemann.Capacity.GraphData.high_metric
DECL|theorem|Riemann.Basic.PositiveSchur.crossBlock._proof_10
DECL|theorem|Riemann.CCM.InverseEnergyData.hasDerivAt_log_determinantRatio._simp_1_5
DECL|definition|_private.Riemann.Analysis.HalfLine.RawEuler.0.Riemann.Analysis.HalfLine.supportWitness
DECL|theorem|Riemann.CCM.InverseEnergyData.inversePencil_boundary_scaled._simp_1_4
DECL|theorem|Riemann.CCM.Native.centeredFourierObservation_resolvent._simp_1_4
DECL|theorem|Riemann.Analysis.FiniteWindow.weilOperator_sumCoefficients
DECL|theorem|Riemann.Capacity.GraphData.pencilBlocks._proof_11
DECL|theorem|Riemann.Analysis.GammaCompletion.hasDerivAt_baseL1
DECL|definition|Riemann.Capacity.GraphData.highOperator
DECL|theorem|Riemann.Arithmetic.sum_factorial_divisors_eq_Ioc._simp_1_2
DECL|theorem|Riemann.CCM.Native.frequency_half_period._simp_1_5
DECL|definition|Riemann.CCM.FullSimpleEvenData.boundaryInverse
DECL|theorem|Riemann.Analysis.StrongContractionFamily.integrationLinearMap._proof_6
DECL|theorem|Riemann.Analysis.FiniteWindow.nativeGammaCompression.congr_simp
DECL|theorem|Riemann.CCM.FullSimpleEvenData.groundComplementProjection_eigenvector_ne_zero
DECL|definition|Riemann.CCM.FullSimpleEvenData._sizeOf_1
DECL|theorem|Riemann.CCM.Native.nativeLowHighColumns_isometry
DECL|theorem|Riemann.CCM.Native.lowFreeOperator._proof_4
DECL|theorem|Riemann.CCM.FullSimpleEvenData.groundComplementCore._proof_1
DECL|theorem|Riemann.Analysis.FiniteWindow.gammaPositiveKernel_neg
DECL|theorem|Riemann.CCM.Native.phase_sq
DECL|theorem|Riemann.Analysis.HalfLine.ambient_finset_sum_ae
DECL|theorem|Riemann.Analysis.FiniteWindow.primeCharacter._proof_5
DECL|theorem|Riemann.Analysis.HalfLine.exponentialFunction_memLp
DECL|theorem|Riemann.CCM.Native.integral_symmetric_exp._simp_1_4
DECL|definition|Riemann.CCM.Native.mode
DECL|theorem|Riemann.Analysis.FiniteWindow.HasGenerator._proof_2
DECL|theorem|Riemann.Basic.galerkinGram._proof_2
DECL|theorem|Riemann.CCM.FullSimpleEvenData.instAddCommGroupGroundComplement._proof_3
DECL|theorem|Riemann.CCM.InverseEnergyData.mk.injEq
DECL|theorem|Riemann.Analysis.FiniteWindow.compensatedIntegral._proof_14
DECL|theorem|Riemann.CCM.Native.fourierFunction.eq_1
DECL|theorem|Riemann.Analysis.HalfLine.shift_finiteInclusion_eq_zero
DECL|theorem|Riemann.Analysis.FiniteWindow.integral_gammaResolventKernel
DECL|theorem|Riemann.Basic.matrixContraction._proof_8
DECL|definition|Riemann.CCM.Native.nativeHighSourceEnergy
DECL|theorem|Riemann.Analysis.FiniteWindow.weilOperator_scaleCoefficients
DECL|theorem|Riemann.CCM.FullSimpleEvenData.boundaryCompression_energy_pos
DECL|definition|Riemann.CCM.Native.GroundAdmission.recOn
DECL|theorem|Riemann.CCM.Native.highCoordinateEquiv_source
DECL|theorem|Riemann.Analysis.FiniteWindow.nativeGammaIntegrand._proof_3
DECL|theorem|Riemann.Analysis.FiniteWindow.fourierShiftCompression._proof_12
DECL|theorem|Riemann.CCM.Native.boundaryCharacteristic_eq_fourier._simp_1_7
DECL|theorem|Riemann.CCM.Native.native_displacement._simp_1_6
DECL|definition|Riemann.Analysis.FiniteWindow.primeInverse
DECL|definition|Riemann.Analysis.FiniteWindow.nativeGammaCompression
DECL|theorem|Riemann.Analysis.StrongContractionFamily.integrable_kernel_orbit
DECL|theorem|Riemann.CCM.FullSimpleEvenData.boundaryCompressionEquiv._proof_3
DECL|theorem|Riemann.Capacity.RankOneBlocks.height_real
DECL|theorem|Riemann.Arithmetic.moebiusInverse.eq_1
DECL|theorem|Riemann.Capacity.GraphData.fullPencil._proof_2
DECL|theorem|Riemann.Analysis.FiniteWindow.nativeCompression._proof_17
DECL|theorem|Riemann.Analysis.FiniteWindow.HasGenerator._proof_1
DECL|theorem|Riemann.Analysis.FiniteWindow.fourierShiftCompression_entry_integral._simp_1_5
DECL|theorem|Riemann.Analysis.FiniteWindow.nativeCompression._proof_15
DECL|theorem|Riemann.Analysis.FiniteWindow.primeCharacter._proof_6
DECL|theorem|Riemann.CCM.FullSimpleEvenData.groundWeight_pos
DECL|theorem|Riemann.Basic.strictlyPositive_injective
DECL|theorem|Riemann.CCM.FullSimpleEvenData.reflection_normalizedGround
DECL|theorem|Riemann.Analysis.FiniteWindow.fourierShiftCompression_eq_zero
DECL|theorem|Riemann.Capacity.inverseMassTrace.congr_simp
DECL|theorem|Riemann.Analysis.GammaCompletion.base_half
DECL|definition|Riemann.Capacity.PositivePencil.noConfusionType
DECL|theorem|Riemann.Arithmetic.weightedShift_killed
DECL|theorem|Riemann.CCM.FullSimpleEvenData.shifted_ground
DECL|theorem|Riemann.Analysis.FiniteWindow.inner_ofContinuous
DECL|theorem|Riemann.Analysis.HalfLine.norm_completedOperator_le
DECL|theorem|Riemann.Analysis.HalfLine.smoothingOperator._proof_4
DECL|theorem|Riemann.Analysis.FiniteWindow.Ambient._proof_2
DECL|theorem|Riemann.Analysis.FiniteWindow.terminalPrimitive.eq_1
DECL|theorem|Riemann.Analysis.HalfLine.cut_idempotent
DECL|theorem|Riemann.Analysis.FiniteWindow.shift.eq_1
DECL|theorem|Riemann.CCM.Native.highCoordinateEquiv_inverseMass
DECL|theorem|Riemann.CCM.Native.positiveLatticeWeight_dimensionless._simp_1_1
DECL|theorem|Riemann.CCM.Native.odd_pair_resolvent
DECL|theorem|Riemann.CCM.Native.highMatrixOperator._proof_3
DECL|theorem|Riemann.Analysis.HalfLine.supportProjection_idempotent
DECL|theorem|Riemann.CCM.Native.highRealZeta_ne_zero
DECL|theorem|Riemann.CCM.FullSimpleEvenData.boundary_forcing_scale
DECL|theorem|Riemann.Analysis.FiniteWindow.fourierShiftCompression_entry_integral._simp_1_4
DECL|theorem|Riemann.Capacity.endpointCorrectedColumns_boundary
DECL|theorem|Riemann.CCM.Native.highCoordinateEquiv_massInverse
DECL|theorem|Riemann.Analysis.HalfLine.shift_finiteInclusion
DECL|theorem|Riemann.CCM.Native.native_fourier_boundary_response
DECL|theorem|Riemann.Basic.columnMassSqrtEquiv._proof_2
DECL|theorem|Riemann.Capacity.block_inverse_energy_high
DECL|definition|Riemann.Capacity.PositivePencil.casesOn
DECL|definition|Riemann.Basic.PositiveSchur.ThreeData.noConfusion
DECL|theorem|Riemann.CCM.FullSimpleEvenData.corrected_representative_independent
DECL|theorem|Riemann.Analysis.FiniteWindow.nativeGammaCompression._proof_15
DECL|theorem|Riemann.Analysis.FiniteWindow.polarOperator._proof_1
DECL|theorem|Riemann.CCM.FullSimpleEvenData.odd_shifted_kernel
DECL|theorem|Riemann.Analysis.FiniteWindow.native_columnEnergy_sourceMatrix
DECL|theorem|Riemann.Capacity.endpointCorrectedColumns._proof_4
DECL|definition|Riemann.Arithmetic.multiplicativeCoefficients
DECL|theorem|Riemann.CCM.Native.oddHighProjection._proof_2
DECL|theorem|Riemann.CCM.Native.differentiable_centeredFourierObservation
DECL|theorem|Riemann.CCM.Native.nativeHighMass_positive
DECL|theorem|Riemann.CCM.Native.displacement_entry._simp_1_7
DECL|theorem|Riemann.Basic.PositiveSchur.ThreeData.inverse_transitivity
DECL|definition|Riemann.Capacity.PositivePencil.ctorIdx
DECL|definition|Riemann.CCM.Native.highRealBeta
DECL|theorem|Riemann.Analysis.FiniteWindow.compensatedShift._proof_1
DECL|theorem|Riemann.CCM.FullSimpleEvenData.boundaryResponse_schur_transitive
DECL|theorem|Riemann.Analysis.FiniteWindow.volterraLinearMap._proof_1
DECL|theorem|Riemann.CCM.Native.weilMatrix.eq_1
DECL|theorem|Riemann.Arithmetic.dirichletWeight._proof_1
DECL|theorem|Riemann.CCM.FullSimpleEvenData.groundComplementProjection._proof_2
DECL|theorem|Riemann.CCM.Native.native_characteristic_inverseEnergy
DECL|theorem|Riemann.CCM.Native.centeredFourierRow._proof_1
DECL|theorem|Riemann.Analysis.FiniteWindow.nativePrimeCoefficients_diagonal
DECL|theorem|Riemann.Analysis.HalfLine.sum_arithmeticKernelTerm_Ioc._proof_1_3
DECL|theorem|Riemann.CCM.InverseEnergyData.boundaryVector_ne_zero
DECL|theorem|Riemann.Analysis.FiniteWindow.literalColumnMetric._proof_9
DECL|theorem|Riemann.CCM.Native.oddHighVector_orthonormal._simp_1_3
DECL|theorem|Riemann.Analysis.FiniteWindow.nativeCompletedCompression._proof_18
DECL|theorem|Riemann.Analysis.FiniteWindow.gammaIntegrand._proof_3
DECL|theorem|Riemann.CCM.Native.integral_centered_exp
DECL|theorem|Riemann.Basic.PositiveSchur.Data.short_inverseShort
DECL|definition|Riemann.CCM.Native.Coefficients.ctorIdx
DECL|definition|Riemann.Capacity.GraphData.couplingHighMass
DECL|theorem|Riemann.Analysis.HalfLine.cut.eq_1
DECL|theorem|Riemann.CCM.Native.oddHighVector_orthonormal
DECL|theorem|Riemann.Basic.PositiveSchur.block._proof_7
DECL|theorem|Riemann.Basic.PositiveSchur.ThreeData.first._proof_2
DECL|theorem|Riemann.Analysis.HalfLine.criticalPolar._proof_7
DECL|theorem|Riemann.CCM.Native.oddHighFree_coe
DECL|recursor|Riemann.CCM.Native.GroundAdmission.rec
DECL|theorem|Riemann.Analysis.FiniteWindow.norm_killed_fourier_sub_le_sqrt
DECL|theorem|Riemann.Analysis.FiniteWindow.volterraLinearMap._proof_4
DECL|theorem|Riemann.Analysis.FiniteWindow.weightedOrbit._proof_2
DECL|theorem|Riemann.Arithmetic.finiteEuler_factorization
DECL|definition|Riemann.Analysis.HalfLine.criticalPolar
DECL|theorem|Riemann.Analysis.HalfLine.boxFunction.eq_1
DECL|theorem|Riemann.Analysis.FiniteWindow.shift_volterra_commute
DECL|theorem|Riemann.CCM.Native.highSynthesisIsometry_apply
DECL|definition|Riemann.Basic.PositiveSchur.Space
DECL|definition|Riemann.CCM.FullSimpleEvenData.boundaryProjection
DECL|theorem|Riemann.CCM.FullSimpleEvenData.reflection_D
DECL|theorem|Riemann.CCM.FullSimpleEvenData.boundaryCompression._proof_1
DECL|theorem|Riemann.Analysis.GammaCompletion.base_le_quarter
DECL|theorem|Riemann.Basic.PositiveSchur.Data.positive
DECL|theorem|Riemann.Analysis.FiniteWindow.fourierInclusion_adjoint_comp
DECL|theorem|Riemann.Basic.differentiable_complexSinc
DECL|theorem|Riemann.Analysis.FiniteWindow.resolventFactor._proof_3
DECL|theorem|Riemann.CCM.InverseEnergyData.A_pos
DECL|theorem|Riemann.Basic.physicalCompression_inner
DECL|theorem|Riemann.Basic.det_toEuclideanLin
DECL|theorem|Riemann.Analysis.HalfLine.completedOperator_unique
DECL|theorem|Riemann.Capacity.PositivePencil.mass_positive
DECL|theorem|Riemann.CCM.Native.boundaryMatrix_operator
DECL|theorem|Riemann.Analysis.FiniteWindow.primeCurrent_sum_survivors
DECL|theorem|Riemann.Analysis.FiniteWindow.hasGenerator_volterra
DECL|theorem|Riemann.CCM.Native.oddHighVector_zeta_pairing._simp_1_9
DECL|theorem|Riemann.Analysis.HalfLine.criticalKernelL1._proof_1
DECL|theorem|Riemann.Analysis.FiniteWindow.gamma_logistic_difference
DECL|theorem|Riemann.CCM.Native.oddHighSection._proof_1
DECL|theorem|Riemann.CCM.FullSimpleEvenData.instAddCommGroupGroundComplement._proof_7
DECL|definition|Riemann.Capacity.highIncl
DECL|theorem|Riemann.Analysis.GammaCompletion.baseL1._proof_1
DECL|theorem|Riemann.Analysis.HalfLine.unitExponential._proof_2
DECL|theorem|Riemann.Analysis.HalfLine.completedOperator._proof_1
DECL|theorem|Riemann.CCM.FullSimpleEvenData.boundary_groundVector
DECL|definition|Riemann.Analysis.FiniteWindow.fourierShiftConstant
DECL|theorem|Riemann.Analysis.FiniteWindow.gammaOperator._proof_3
DECL|theorem|Riemann.CCM.Native.centeredFourierObservation_resolvent._simp_1_5
DECL|theorem|Riemann.Basic.physicalCompression.congr_simp
DECL|theorem|Riemann.CCM.Native.reflection_involutive
DECL|theorem|Riemann.CCM.Native.boundaryCharacteristic_outside
DECL|theorem|Riemann.Basic.hyperplane_inverse_defect
DECL|theorem|Riemann.Basic.PositiveSchur.ThreeData.firstLift_energy._abel_1_4
DECL|theorem|Riemann.CCM.FullSimpleEvenData.instModuleComplexGroundComplement._proof_3
DECL|definition|Riemann.CCM.FullSimpleEvenData.groundComplementProjection
DECL|theorem|Riemann.Capacity.galerkin_inverse_energy_le
DECL|theorem|Riemann.Capacity.PositivePencil.pencil_positive
DECL|theorem|Riemann.Analysis.HalfLine.boxVector._proof_1
DECL|theorem|Riemann.Analysis.FiniteWindow.integrable_coefficients_of_entries._simp_1_2
DECL|theorem|Riemann.Analysis.FiniteWindow.nativeGammaCompression._proof_8
DECL|theorem|Riemann.CCM.Native.highSynthesisLinear._proof_2
DECL|theorem|Riemann.CCM.FullSimpleEvenData.boundaryMass.eq_1
DECL|theorem|Riemann.Arithmetic.dirichletWeight._proof_2
DECL|theorem|Riemann.Capacity.GraphData.betaGraph._proof_4
DECL|definition|Riemann.Analysis.FiniteWindow.projection
DECL|theorem|Riemann.Basic.PositiveSchur.block._proof_4
DECL|theorem|Riemann.CCM.FullSimpleEvenData.groundComplementTopologyEquiv._proof_6
DECL|theorem|Riemann.CCM.Native.nativeHigh_sourceEnergy_pos
DECL|theorem|Riemann.Basic.mul_complexSinc._simp_1_1
DECL|theorem|Riemann.CCM.FullSimpleEvenData.boundaryProjection_coe
DECL|theorem|Riemann.Arithmetic.nativeEuler_apply
DECL|theorem|Riemann.Analysis.FiniteWindow.continuous_tailIntegral
DECL|theorem|Riemann.Arithmetic.killedShift_mul
DECL|theorem|Riemann.Basic.PositiveSchur.row._proof_2
DECL|theorem|Riemann.Analysis.FiniteWindow.nativeFourier_hasGenerator._simp_1_1
DECL|theorem|Riemann.Capacity.columnPencil._proof_1
DECL|definition|Riemann.Analysis.HalfLine.Hilbert
DECL|theorem|Riemann.Source.minimumNorm_error_energy
DECL|theorem|Riemann.CCM.Native.frequency_half_period._simp_1_7
DECL|theorem|Riemann.CCM.InverseEnergyData.hasDerivAt_log_determinantRatio
DECL|theorem|Riemann.CCM.Native.ofMatrix._proof_4
DECL|theorem|Riemann.Analysis.FiniteWindow.fourierShiftCompression_entry
DECL|theorem|Riemann.Basic.projectorNormalized_boundary
DECL|theorem|Riemann.CCM.Native.lowHighIndexEquiv._proof_5
DECL|theorem|Riemann.Analysis.FiniteWindow.translate_eq_vadd
DECL|theorem|Riemann.CCM.Native.fullHighIndexEquiv._proof_3
DECL|definition|Riemann.CCM.Native.Coefficients.mk.noConfusion
DECL|theorem|Riemann.Analysis.HalfLine.volterra_exponential._simp_1_1
DECL|theorem|Riemann.Analysis.GammaCompletion.log_base_nonpos
DECL|theorem|Riemann.Analysis.FiniteWindow.literalSourceColumns._proof_2
DECL|theorem|Riemann.CCM.FullSimpleEvenData.b_odd
DECL|theorem|Riemann.CCM.FullSimpleEvenData.oddGraphData._proof_15
DECL|theorem|Riemann.Analysis.HalfLine.strongIntegral_unitExponential
DECL|definition|Riemann.Arithmetic.coefficientDerivative
DECL|theorem|Riemann.Arithmetic.multiplicativeCoefficients_isMultiplicative
DECL|theorem|Riemann.CCM.Native.boundaryCharacteristic_eq_fourier._simp_1_4
DECL|theorem|Riemann.Arithmetic.nativeEuler_factorization._simp_1_3
DECL|theorem|Riemann.Basic.PositiveSchur.ThreeData.ofBlocks._proof_7
DECL|theorem|Riemann.CCM.Native.fullData.congr_simp
DECL|definition|Riemann.CCM.Native.Coefficients.noConfusion
DECL|theorem|Riemann.Analysis.HalfLine.rawWeight._proof_1
DECL|theorem|Riemann.CCM.FullSimpleEvenData.ground_even
DECL|definition|Riemann.Basic.PositiveSchur.Data.A
DECL|definition|Riemann.Basic.PositiveSchur.secondColumn
DECL|theorem|Riemann.Analysis.FiniteWindow.compensatedShift._proof_8
DECL|definition|Riemann.CCM.Native.lowFreeOperator
DECL|definition|Riemann.Capacity.endpointCorrectedColumns
DECL|definition|Riemann.CCM.Native.Coefficients._sizeOf_inst
DECL|definition|Riemann.CCM.FullSimpleEvenData.noConfusion
DECL|theorem|Riemann.Basic.columnMassSqrt._proof_10
DECL|theorem|Riemann.Analysis.FiniteWindow.polarOperator_mul_inverse
DECL|theorem|Riemann.CCM.Native.displacement_entry._simp_1_6
DECL|theorem|Riemann.CCM.FullSimpleEvenData.oddGraphData._proof_26
DECL|definition|Riemann.CCM.FullSimpleEvenData.instAddCommGroupGroundComplement._aux_12
DECL|theorem|Riemann.Analysis.FiniteWindow.literalColumnMetric._proof_2
DECL|theorem|Riemann.Analysis.FiniteWindow.primeCutoff_pos
DECL|definition|Riemann.CCM.Native.GroundAdmission.mk._flat_ctor
DECL|theorem|Riemann.Analysis.FiniteWindow.compensatedCoefficients._proof_1
DECL|definition|Riemann.Basic.PositiveSchur.ThreeData.firstForcing
DECL|theorem|Riemann.Analysis.GammaCompletion.log_base_monotone
DECL|theorem|Riemann.CCM.Native.oddHighSection._proof_2
DECL|theorem|Riemann.Basic.galerkinGram._proof_8
DECL|theorem|Riemann.Basic.PositiveSchur.ThreeData.first_short
DECL|theorem|Riemann.CCM.FullSimpleEvenData.boundaryCompression_inner
DECL|theorem|Riemann.Arithmetic.nativePrimeFactor_right_inverse
DECL|theorem|Riemann.Analysis.HalfLine.compactSupport_representation
DECL|theorem|Riemann.Basic.PositiveSchur.firstColumn_apply
DECL|theorem|Riemann.Capacity.GraphData.pencilBlocks._proof_5
DECL|theorem|Riemann.Analysis.HalfLine.norm_completedOperator_le_kernel
DECL|theorem|Riemann.Analysis.HalfLine.rawEuler_graphClosure_not_singleValued
DECL|theorem|Riemann.Analysis.HalfLine.norm_supportProjection_apply_le
DECL|theorem|Riemann.Analysis.FiniteWindow.gammaOperator._proof_1
DECL|theorem|Riemann.Analysis.FiniteWindow.compensatedIntegral._proof_1
DECL|theorem|Riemann.Basic.whitenedColumns_inner
DECL|theorem|Riemann.Capacity.PositivePencil.compress._proof_2
DECL|theorem|Riemann.CCM.Native.nativeHighMass._proof_2
DECL|definition|Riemann.Capacity.GraphData.fullMetric
DECL|theorem|Riemann.Arithmetic.nativePrimeFactor_sum._simp_1_2
DECL|theorem|Riemann.CCM.Native.latticeTail_le._simp_1_2
DECL|theorem|Riemann.CCM.constantModeExample._proof_6
DECL|theorem|Riemann.CCM.FullSimpleEvenData.projector_ground
DECL|theorem|Riemann.Analysis.FiniteWindow.nativeCompletedCompression_eq
DECL|theorem|Riemann.Capacity.scalar_log_ratio_bounds._simp_1_2
DECL|theorem|Riemann.CCM.Native.realHighCoordinates._proof_1
DECL|theorem|Riemann.Capacity.GraphData.highOperator.eq_1
DECL|definition|Riemann.Basic.PositiveSchur.firstBlock
DECL|theorem|Riemann.Analysis.HalfLine.rawGraphDefect._proof_5
DECL|theorem|Riemann.Analysis.FiniteWindow.nativeCompression._proof_12
DECL|theorem|Riemann.Basic.columnMass._proof_1
DECL|theorem|Riemann.Analysis.FiniteWindow.polarDerivative_eq
DECL|theorem|Riemann.Basic.whitenedColumns.congr_simp
DECL|theorem|Riemann.CCM.Native.lowFreeOperator.eq_1
DECL|theorem|Riemann.CCM.FullSimpleEvenData.shifted._proof_2
DECL|theorem|Riemann.Analysis.FiniteWindow.nativeGammaCompression._proof_4
DECL|theorem|Riemann.Analysis.FiniteWindow.fourierFunction_single
DECL|theorem|Riemann.Capacity.highIncl_injective
DECL|theorem|Riemann.Analysis.HalfLine.cutCLM_apply
DECL|theorem|Riemann.CCM.InverseEnergyData.fixed_anchor_energy_bounds
DECL|definition|Riemann.Analysis.GammaCompletion.currentConstant
DECL|theorem|Riemann.Source.gramEquiv._proof_3
DECL|theorem|Riemann.Arithmetic.eulerCoefficientDerivative.eq_1
DECL|theorem|Riemann.Basic.physicalCompression._proof_1
DECL|theorem|Riemann.Analysis.HalfLine.shift_exponential._simp_1_3
DECL|theorem|Riemann.Analysis.HalfLine.finiteInclusion._proof_6
DECL|definition|Riemann.Analysis.FiniteWindow.completedSourceGram
DECL|theorem|Riemann.Analysis.FiniteWindow.nativeCompression._proof_20
DECL|definition|Riemann.Basic.PositiveSchur.block
DECL|theorem|Riemann.Basic.galerkinGram.eq_1
DECL|definition|Riemann.Analysis.FiniteWindow.gammaCurrentDomain
DECL|theorem|Riemann.CCM.Native.oddHighVector_orthonormal._simp_1_5
DECL|theorem|_private.Riemann.Analysis.FiniteWindow.CompletedFrame.0.Riemann.Analysis.FiniteWindow.criticalScalar_ne_zero
DECL|definition|Riemann.CCM.FullSimpleEvenData.instAddCommGroupGroundComplement._aux_4
DECL|definition|Riemann.Basic.instAddCommGroupMatrixReal_riemann
DECL|theorem|Riemann.CCM.Native.oddHighVector_orthonormal._simp_1_4
DECL|theorem|Riemann.Basic.columnMassSqrt._proof_14
DECL|theorem|Riemann.Basic.lineProjectorNormalized_eq
DECL|theorem|Riemann.CCM.Native.frequency_period._simp_1_6
DECL|theorem|Riemann.CCM.Native.frequency._proof_1
DECL|theorem|Riemann.Basic.PositiveSchur.Data.solve
DECL|definition|Riemann.Basic.PositiveSchur.Data.inverseC
DECL|theorem|Riemann.Analysis.GammaCompletion.logMajorant._proof_2
DECL|definition|Riemann.Arithmetic.eulerCoefficientDerivative
DECL|theorem|Riemann.Basic.columnMassSqrt._proof_9
DECL|theorem|Riemann.Basic.PositiveSchur.Data.effective.eq_1
DECL|theorem|Riemann.CCM.FullSimpleEvenData.groundComplementCore._proof_3
DECL|theorem|Riemann.Capacity.GraphData.common_coupling_hyperplane
DECL|theorem|Riemann.CCM.InverseEnergyData.fixed_anchor_capacity_energy_bounds
DECL|theorem|Riemann.Basic.PositiveSchur.crossBlock._proof_3
DECL|theorem|Riemann.Analysis.HalfLine.mem_supported_iff._simp_1_2
DECL|theorem|Riemann.CCM.InverseEnergyData.displacement
DECL|theorem|Riemann.Analysis.GammaCompletion.hasDerivAt_half_log._simp_1_7
DECL|theorem|Riemann.Basic.PositiveSchur.Data.lift_inner
DECL|theorem|Riemann.CCM.Native.highCoordinate_conjugate_apply
DECL|theorem|Riemann.CCM.Native.boundarySoftMean_eq_logDeriv
DECL|theorem|Riemann.Analysis.FiniteWindow.complexifyKernel._proof_1
DECL|theorem|Riemann.CCM.Native.highMatrixOperator._proof_1
DECL|theorem|Riemann.Basic.strictlyPositiveEquiv._proof_1
DECL|theorem|Riemann.Analysis.GammaCompletion.base_arg_pos
DECL|theorem|Riemann.Arithmetic.nativeEuler_sum
DECL|theorem|Riemann.Analysis.FiniteWindow.nativeGammaCompression._proof_13
DECL|theorem|Riemann.Analysis.FiniteWindow.primeShift._simp_1
DECL|theorem|Riemann.Capacity.GraphData.pencilBlocks._proof_4
DECL|theorem|Riemann.CCM.FullSimpleEvenData.ground_ne_zero
DECL|theorem|Riemann.CCM.Native.native_normalized_fourier_boundary_ratio
DECL|theorem|Riemann.CCM.FullSimpleEvenData.oddGraphData._proof_11
DECL|theorem|Riemann.Capacity.GraphData.graphChange._proof_1
DECL|theorem|Riemann.Analysis.HalfLine.completedOperator_apply_nonneg
DECL|theorem|Riemann.Capacity.PositivePencil.compress._proof_4
DECL|theorem|Riemann.Analysis.FiniteWindow.literalSourceColumns._proof_10
DECL|theorem|Riemann.Capacity.GraphData.pencilBlocks._proof_6
DECL|theorem|Riemann.Analysis.FiniteWindow.fourierInclusion._proof_8
DECL|theorem|Riemann.Analysis.HalfLine.projection_self
DECL|inductive|Riemann.CCM.InverseEnergyData
DECL|theorem|Riemann.CCM.FullSimpleEvenData.instAddCommGroupGroundComplement._proof_10
DECL|theorem|Riemann.Analysis.HalfLine.arithmeticKernelTerm_eq_zero
DECL|theorem|Riemann.CCM.Native.fullHighIndexEquiv._proof_5
DECL|theorem|Riemann.Analysis.HalfLine.supported.eq_1
DECL|definition|Riemann.Analysis.FiniteWindow.primeOperator
DECL|theorem|Riemann.Analysis.FiniteWindow.fourierShiftCompression_entry_integral._simp_1_8
DECL|theorem|Riemann.Analysis.FiniteWindow.completedFrame_half
DECL|theorem|Riemann.Basic.PositiveSchur.Data.graph_gram
DECL|theorem|Riemann.Basic.columnRow_eq
DECL|theorem|Riemann.CCM.Native.centeredFourierObservation_resolvent._simp_1_6
DECL|theorem|Riemann.Analysis.FiniteWindow.volterraToDomain_coe
DECL|theorem|Riemann.CCM.FullSimpleEvenData.groundComplementTopologyEquiv._proof_3
DECL|theorem|Riemann.CCM.InverseEnergyData.hasDerivAt_log_determinantRatio._simp_1_7
DECL|theorem|Riemann.CCM.Native.mode_rev._proof_1_2
DECL|theorem|Riemann.Analysis.StrongContractionFamily.kernelLinearMap._proof_1
DECL|theorem|Riemann.Basic.raw_short_whitened
DECL|theorem|Riemann.CCM.Native.positiveLatticeWeight.eq_1
DECL|theorem|Riemann.Analysis.FiniteWindow.HasGenerator.norm_shift_sub_le
DECL|theorem|Riemann.Analysis.GammaCompletion.kernel.eq_1
DECL|theorem|Riemann.CCM.Native.positiveLatticeWeight_le_telescoping
DECL|theorem|Riemann.Analysis.FiniteWindow.hasDerivAt_completedSourceGram_current
DECL|theorem|Riemann.Source.minimumNorm_le
DECL|theorem|Riemann.Analysis.FiniteWindow.mem_completedFrame_range_iff_ac
DECL|theorem|Riemann.Basic.columnMass._proof_4
DECL|theorem|Riemann.Analysis.FiniteWindow.fourierShiftCompression_entry_offDiagonal._simp_1_6
DECL|theorem|Riemann.Analysis.FiniteWindow.mem_supported_iff._simp_1_2
DECL|theorem|Riemann.Basic.PositiveSchur.Data.raw_pencil
DECL|theorem|Riemann.CCM.FullSimpleEvenData.groundComplementProjection._proof_9
DECL|theorem|Riemann.Basic.PositiveSchur.Data.liftMap_injective
DECL|theorem|Riemann.Analysis.GammaCompletion.prefactor.eq_1
DECL|theorem|Riemann.Arithmetic.multiplicativeShift._proof_1
DECL|theorem|Riemann.Basic.PositiveSchur.secondColumn_apply
DECL|theorem|Riemann.Capacity.columnEnergy.eq_1
DECL|theorem|Riemann.Analysis.FiniteWindow.hermitianShiftCoefficients._proof_2
DECL|theorem|Riemann.Capacity.endpointCorrectedColumns._proof_1
DECL|theorem|Riemann.CCM.FullSimpleEvenData.oddColumnPencil._proof_3
DECL|theorem|Riemann.CCM.Native.oddHighProjection._proof_3
DECL|definition|Riemann.Arithmetic.natLog
DECL|theorem|Riemann.CCM.Native.ofMatrix._proof_2
DECL|definition|Riemann.CCM.FullSimpleEvenData.constant
DECL|theorem|Riemann.Arithmetic.coefficientDerivative.eq_1
DECL|theorem|Riemann.CCM.InverseEnergyData.highMean_eq._simp_1_3
DECL|theorem|Riemann.Analysis.FiniteWindow.weilMatrix_addCoefficients
DECL|theorem|Riemann.Basic.matrixContraction._proof_6
DECL|theorem|Riemann.CCM.InverseEnergyData.logarithmicEnergy_identity._simp_1_4
DECL|theorem|Riemann.Analysis.FiniteWindow.integrable_coefficients_of_entries._simp_1_4
DECL|theorem|Riemann.Analysis.FiniteWindow.nativeCompression._proof_3
DECL|theorem|Riemann.CCM.Native.lowHighIndexEquiv._proof_10
DECL|theorem|Riemann.CCM.FullSimpleEvenData.complementCorrected_spectrum_real
DECL|theorem|Riemann.CCM.Native.latticeTail_le._simp_1_5
DECL|theorem|Riemann.CCM.Native.highCoordinateEquiv_energy
DECL|theorem|Riemann.Capacity.GraphData.common_coupling_mass
DECL|theorem|Riemann.Analysis.HalfLine.smoothingOperator._proof_6
DECL|theorem|Riemann.Basic.columnMassSqrt._proof_18
DECL|theorem|Riemann.Analysis.FiniteWindow.volterra_zero_ae_integral
DECL|theorem|Riemann.Capacity.GraphData.full_high_graph_bounds
DECL|theorem|Riemann.CCM.Native.native_fourierObservation_nonreal
DECL|theorem|Riemann.CCM.InverseEnergyData.pencil_log_ratio_eq
DECL|theorem|Riemann.Capacity.GraphData.betaGraph._proof_10
DECL|theorem|Riemann.Analysis.FiniteWindow.shift_volterra
DECL|theorem|Riemann.Basic.PositiveSchur.block._proof_2
DECL|definition|Riemann.CCM.FullSimpleEvenData.groundComplementSubmodule
DECL|definition|Riemann.Analysis.FiniteWindow.primeShift
DECL|theorem|Riemann.Analysis.GammaCompletion.abs_log_base_le
DECL|theorem|Riemann.CCM.Native.integral_symmetric_exp._simp_1_7
DECL|theorem|Riemann.Capacity.GraphData.fullPencil._proof_3
DECL|theorem|Riemann.Basic.mul_complexSinc._simp_1_6
DECL|theorem|Riemann.Capacity.GraphData.transformed_energy
DECL|theorem|Riemann.Analysis.GammaCompletion.norm_base_le_majorant
DECL|definition|Riemann.CCM.InverseEnergyData.freePencil
DECL|theorem|Riemann.CCM.Native.highRealMass_complex_entry
DECL|theorem|Riemann.Capacity.GraphData.pencilBlocks._proof_10
DECL|theorem|Riemann.Basic.projectorNormalized_fixed
DECL|theorem|Riemann.CCM.Native.displacementVector_apply
DECL|theorem|Riemann.Basic.PositiveSchur.ThreeData.successiveForcing.eq_1
DECL|theorem|Riemann.Analysis.HalfLine.criticalKernel_measurable
DECL|theorem|Riemann.Analysis.HalfLine.integrable_smoothingKernel
DECL|theorem|Riemann.CCM.FullSimpleEvenData.boundaryCompression_inverse
DECL|theorem|Riemann.Basic.positiveInverse_right
DECL|theorem|Riemann.CCM.FullSimpleEvenData.corrected._proof_2
DECL|theorem|Riemann.CCM.FullSimpleEvenData.complementCorrected_representative_independent
DECL|theorem|Riemann.Basic.PositiveSchur.ThreeData.forcing_transitivity
DECL|theorem|Riemann.Capacity.GraphData.coupling_lt_one
DECL|definition|Riemann.Arithmetic.moebiusInverse
DECL|theorem|Riemann.Capacity.scalar_log_ratio_bounds
DECL|theorem|Riemann.CCM.Native.lowFreeOperator._proof_6
DECL|theorem|Riemann.Source.minimumNormMap._proof_1
DECL|definition|Riemann.Analysis.FiniteWindow.nativeCompletedCoefficients
DECL|theorem|Riemann.CCM.FullSimpleEvenData.boundary_schur_complex._simp_1_4
DECL|theorem|Riemann.Basic.hasDerivAt_doubleInverseContraction
DECL|theorem|Riemann.Analysis.HalfLine.supportProjection_sub_norm_sq._simp_1_1
DECL|definition|Riemann.CCM.Native.fullHighIndexEquiv
DECL|theorem|Riemann.Basic.PositiveSchur.ThreeData.successiveShort_positive
DECL|theorem|Riemann.Analysis.FiniteWindow.gammaIntegrand.eq_1
DECL|definition|Riemann.Capacity.GraphData.highPencil
DECL|theorem|Riemann.CCM.Native.native_characteristic_capacity_bounds
DECL|theorem|Riemann.Analysis.FiniteWindow.shiftFamily._proof_4
DECL|theorem|Riemann.Capacity.diagonal_inverse_low
DECL|theorem|Riemann.Arithmetic.nativeMoebius_left_inverse
DECL|theorem|Riemann.CCM.FullSimpleEvenData.groundProjector_eta_ne_zero
DECL|definition|Riemann.Analysis.FiniteWindow.nativeRealVolterraCoefficients
DECL|theorem|Riemann.Analysis.FiniteWindow.nativeCompleted_weilOperator._abel_1_3
DECL|theorem|Riemann.Basic.columnMassSqrt._proof_6
DECL|theorem|Riemann.Analysis.FiniteWindow.compensatedShift_hermitian
DECL|definition|Riemann.CCM.Native.highFrequency
DECL|theorem|Riemann.Analysis.FiniteWindow.gammaPositiveKernel.eq_1
DECL|theorem|Riemann.Analysis.FiniteWindow.nativeCompression._proof_4
DECL|theorem|Riemann.CCM.FullSimpleEvenData.instAddCommGroupGroundComplement._proof_19
DECL|theorem|Riemann.CCM.Native.latticeTail_zero_eq_hyperbolic._simp_1_3
DECL|theorem|Riemann.Basic.PositiveSchur.crossBlock._proof_6
DECL|theorem|Riemann.CCM.FullSimpleEvenData.shifted._proof_1
DECL|theorem|Riemann.CCM.Native.highSynthesis_surjective._simp_1_7
DECL|definition|Riemann.Capacity.PositivePencil.energy
DECL|theorem|Riemann.Analysis.HalfLine.boxVector._proof_2
DECL|theorem|Riemann.CCM.FullSimpleEvenData.boundaryCompression_response
DECL|theorem|Riemann.Capacity.PositivePencil.softMean_hyperplane_difference
DECL|theorem|Riemann.Analysis.FiniteWindow.completedCurrent_frame_eq_neg_derivative
DECL|theorem|Riemann.Basic.PositiveSchur.row_apply
DECL|theorem|Riemann.Analysis.FiniteWindow.primeOperator_commute_current
DECL|theorem|Riemann.Analysis.FiniteWindow.norm_shift_le
DECL|theorem|Riemann.Analysis.FiniteWindow.norm_fourier_single
DECL|theorem|Riemann.Arithmetic.multiplicativeShift._proof_2
DECL|theorem|Riemann.Analysis.FiniteWindow.polarInverse_mul
DECL|theorem|Riemann.CCM.Native.GroundAdmission.eigen
DECL|theorem|Riemann.CCM.FullSimpleEvenData.groundComplementSubmodule_eq
DECL|definition|Riemann.CCM.FullSimpleEvenData.groundQuotientEquiv
DECL|theorem|Riemann.Basic.galerkinGram._proof_6
DECL|theorem|Riemann.Analysis.FiniteWindow.primeShift_killed
DECL|theorem|Riemann.CCM.Native.positiveLatticeWeight_dimensionless
DECL|theorem|Riemann.CCM.InverseEnergyData.logarithmicEnergy_identity._simp_1_3
DECL|definition|Riemann.Basic.correctedMatrix
DECL|theorem|Riemann.CCM.FullSimpleEvenData.shifted_kernel_eq_groundVector_span
DECL|theorem|Riemann.CCM.Native.displacementVector_odd
DECL|theorem|Riemann.Analysis.FiniteWindow.scalarCoefficients._proof_1
DECL|theorem|Riemann.Analysis.HalfLine.volterra_exponential._simp_1_7
DECL|theorem|Riemann.Basic.boundaryWeight.eq_1
DECL|theorem|Riemann.CCM.Native.freeMatrix.eq_1
DECL|theorem|Riemann.Analysis.FiniteWindow.primeDerivative_sum
DECL|definition|Riemann.Analysis.FiniteWindow.compensatedShift
DECL|theorem|Riemann.Analysis.FiniteWindow.prime_negative_logarithmic_derivative
DECL|theorem|Riemann.CCM.Native.oddHighInclusion_parity
DECL|theorem|Riemann.CCM.Native.fullData._proof_1
DECL|definition|Riemann.CCM.InverseEnergyData.inverseEnergy
DECL|theorem|Riemann.Analysis.FiniteWindow.volterra_resolvent_identity
DECL|theorem|Riemann.CCM.Native.highPositiveIndex_ne_rev._proof_1_1
DECL|theorem|Riemann.CCM.InverseEnergyData.mk.congr_simp
DECL|theorem|Riemann.CCM.Native.highRealEnergy.congr_simp
DECL|theorem|Riemann.CCM.InverseEnergyData.pencil_split_adjoint
DECL|theorem|Riemann.CCM.Native.fullHighIndexEquiv._proof_2
DECL|definition|Riemann.CCM.FullSimpleEvenData.recOn
DECL|definition|Riemann.Analysis.FiniteWindow.fourierInclusionLinearMap
DECL|theorem|Riemann.CCM.Native.fullHighIndexEquiv._proof_8
DECL|theorem|Riemann.CCM.FullSimpleEvenData.groundQuotientEquiv._proof_2
DECL|theorem|Riemann.Analysis.StrongContractionFamily.norm_kernelOperator_le
DECL|theorem|Riemann.Analysis.HalfLine.rawPartialSum._proof_3
DECL|theorem|Riemann.CCM.Native.frequency.eq_1
DECL|theorem|Riemann.Basic.hasDerivAt_L1_of_dominated_lip._simp_1_6
DECL|theorem|Riemann.CCM.FullSimpleEvenData.ground_eigen
DECL|theorem|Riemann.Analysis.HalfLine.box_main_term
DECL|theorem|Riemann.Basic.positivePair_spectral_representation._simp_1_3
DECL|theorem|Riemann.Analysis.HalfLine.sum_arithmeticKernelTerm._simp_1_2
DECL|theorem|Riemann.Basic.inner_projector_eq_weight
DECL|theorem|Riemann.Analysis.HalfLine.completedOperator_eq_smoothed_rawEuler
DECL|theorem|Riemann.Analysis.FiniteWindow.nativeGammaCompression._proof_10
DECL|theorem|Riemann.CCM.Native.dimensionless_lattice_eq_cot._simp_1_3
DECL|theorem|Riemann.Analysis.FiniteWindow.compensatedIntegral._proof_8
DECL|theorem|Riemann.Analysis.FiniteWindow.norm_killed_fourier_single_sq
DECL|definition|Riemann.CCM.FullSimpleEvenData.mk._flat_ctor
DECL|theorem|Riemann.Analysis.FiniteWindow.cut._proof_1
DECL|theorem|Riemann.CCM.InverseEnergyData.K_pos
DECL|definition|Riemann.CCM.Native.oddHighRealSynthesis
DECL|theorem|Riemann.Capacity.GraphData.highMetric_isPositive
DECL|theorem|Riemann.CCM.Native.latticeTail_le._simp_1_1
DECL|theorem|Riemann.Arithmetic.killedShift._proof_2
DECL|theorem|Riemann.Analysis.FiniteWindow.frame_literalSourceColumns
DECL|theorem|Riemann.CCM.Native.highSynthesis._proof_1
DECL|definition|Riemann.Analysis.StrongContractionFamily.mk.noConfusion
DECL|definition|Riemann.Analysis.HalfLine.finiteCoreInclusion
DECL|theorem|Riemann.CCM.Native.frequency_rev
DECL|theorem|Riemann.CCM.FullSimpleEvenData.groundVector_boundary_norm_sq
DECL|theorem|Riemann.Analysis.FiniteWindow.nativeGamma_weilOperator
DECL|definition|Riemann.CCM.Native.GroundAdmission.noConfusion
DECL|theorem|Riemann.CCM.Native.latticeTail.eq_1
DECL|theorem|Riemann.CCM.InverseEnergyData.boundaryNumerator_eq
DECL|theorem|Riemann.CCM.InverseEnergyData.hasDerivAt_log_determinantRatio._simp_1_3
DECL|theorem|Riemann.Analysis.FiniteWindow.hermitianShift_entry._simp_1_5
DECL|theorem|Riemann.Basic.columnMassSqrt._proof_3
DECL|theorem|Riemann.Capacity.PositivePencil.orthogonalSum.congr_simp
DECL|theorem|Riemann.Capacity.diagonal_apply
DECL|theorem|Riemann.CCM.Native.oddHighVector_zeta_pairing._simp_1_7
DECL|theorem|Riemann.Analysis.HalfLine.rawEuler._proof_2
DECL|definition|Riemann.Analysis.FiniteWindow.primeCurrent
DECL|theorem|Riemann.Analysis.FiniteWindow.fourierShiftCompression_entry_offDiagonal._simp_1_4
DECL|theorem|Riemann.Analysis.FiniteWindow.resolventFactor_inverse
DECL|theorem|Riemann.Analysis.GammaCompletion.baseL1.eq_1
DECL|theorem|Riemann.Analysis.FiniteWindow.nativeCompression._proof_11
DECL|theorem|Riemann.Analysis.FiniteWindow.nativeCompression_killedShift
DECL|theorem|Riemann.CCM.Native.highPositiveIndex._proof_1
DECL|theorem|Riemann.CCM.constantModeExample._proof_11
DECL|theorem|Riemann.Analysis.GammaCompletion.limitingCurrentKernel.eq_1
DECL|theorem|Riemann.CCM.FullSimpleEvenData.boundaryProjection_ground
DECL|theorem|Riemann.CCM.Native.nativeLowHighColumns_range
DECL|theorem|Riemann.CCM.Native.nativeHigh_softMean_eq
DECL|theorem|Riemann.Analysis.FiniteWindow.integral_fourier_summands._simp_1_8
DECL|theorem|Riemann.Analysis.FiniteWindow.integrable_scalar_shift
DECL|theorem|Riemann.CCM.FullSimpleEvenData.boundary_residual_reconstruction
DECL|theorem|Riemann.Analysis.HalfLine.volterra_exponential._simp_1_5
DECL|theorem|Riemann.Analysis.HalfLine.arithmeticKernelTerm.eq_1
DECL|definition|Riemann.CCM.InverseEnergyData.highMean
DECL|theorem|Riemann.CCM.Native.boundaryMatrix.eq_1
DECL|definition|Riemann.CCM.FullSimpleEvenData.instModuleComplexGroundComplement._aux_1
DECL|theorem|Riemann.CCM.Native.lowHighIndexEquiv._proof_2
DECL|theorem|Riemann.Basic.PositiveSchur.Data.ofOperator.congr_simp
DECL|theorem|Riemann.CCM.FullSimpleEvenData.oddGraphData._proof_3
DECL|definition|Riemann.Analysis.FiniteWindow.completedSource
DECL|theorem|Riemann.CCM.FullSimpleEvenData.complementCorrected_adjoint
DECL|definition|Riemann.Basic.PositiveSchur.ThreeData.noConfusionType
DECL|theorem|Riemann.CCM.Native.highMatrixOperator._proof_8
DECL|theorem|Riemann.Analysis.FiniteWindow.completedCurrent._proof_2
DECL|theorem|Riemann.CCM.Native.native_displacement._simp_1_3
DECL|theorem|Riemann.Basic.complexSinc_zero
DECL|theorem|Riemann.Analysis.FiniteWindow.supported.eq_1
DECL|theorem|Riemann.Capacity.PositivePencil.congruence.eq_1
DECL|theorem|Riemann.CCM.Native.nativeHigh_inverseMassTrace
DECL|theorem|Riemann.Analysis.FiniteWindow.nativeCompletedCompression._proof_4
DECL|theorem|Riemann.Analysis.FiniteWindow.gammaIntegrand._proof_2
DECL|definition|Riemann.Capacity.PositivePencil.noConfusion
DECL|theorem|Riemann.CCM.FullSimpleEvenData.normalizedBoundaryObservation_schur
DECL|theorem|Riemann.Analysis.FiniteWindow.weilOperator_addCoefficients
DECL|theorem|Riemann.Analysis.HalfLine.finite_supported
DECL|theorem|Riemann.Basic.PositiveSchur.ThreeData.direct._proof_3
DECL|theorem|Riemann.Arithmetic.shiftCharacter._proof_3
DECL|definition|Riemann.Arithmetic.arithmeticBound
DECL|theorem|Riemann.Analysis.FiniteWindow.shiftFamily._proof_2
DECL|definition|Riemann.CCM.Native.oddHighSection
DECL|theorem|Riemann.Analysis.HalfLine.integral_abs_criticalKernel_le
DECL|theorem|Riemann.Analysis.FiniteWindow.fourierShiftCompression_entry_integral._simp_1_6
DECL|theorem|Riemann.CCM.Native.native_ground_bright
DECL|theorem|Riemann.Analysis.FiniteWindow.HasGenerator._proof_5
DECL|theorem|Riemann.CCM.FullSimpleEvenData.oddGraphData._proof_1
DECL|definition|Riemann.Analysis.FiniteWindow.primeWeight
DECL|theorem|Riemann.CCM.Native.phased_sinc
DECL|definition|Riemann.Analysis.FiniteWindow.volterraLinearMap
DECL|theorem|Riemann.CCM.FullSimpleEvenData.oddGraphData._proof_7
DECL|theorem|Riemann.Analysis.FiniteWindow.nativeCompression._proof_8
DECL|theorem|Riemann.Analysis.FiniteWindow.integrable_weilMatrix
DECL|theorem|Riemann.CCM.Native.oddHighInclusion_injective
DECL|definition|Riemann.Analysis.FiniteWindow.primeAlgebra
DECL|theorem|Riemann.Capacity.GraphData.highOperator_adjoint
DECL|theorem|Riemann.Analysis.FiniteWindow.weilOperator_scalarCoefficients
DECL|definition|Riemann.Basic.lineProjector
DECL|theorem|Riemann.CCM.constantModeExample_bright
DECL|theorem|Riemann.Basic.columnMassSqrt._proof_4
DECL|definition|Riemann.CCM.Native.highRealMass
DECL|definition|Riemann.Analysis.HalfLine.killedShift
DECL|definition|Riemann.Basic.PositiveSchur.Data.ofOperator
DECL|definition|Riemann.Analysis.FiniteWindow.generatorDomain
DECL|theorem|Riemann.Basic.lineProjector_self
DECL|theorem|Riemann.Analysis.FiniteWindow.shift_eq_zero
DECL|theorem|Riemann.CCM.Native.integral_symmetric_exp._simp_1_2
DECL|theorem|Riemann.Capacity.inverse_mass_congruence
DECL|theorem|Riemann.Basic.hasDerivAt_L1_of_dominated_lip._simp_1_5
DECL|theorem|Riemann.Analysis.FiniteWindow.completedSource.congr_simp
DECL|theorem|Riemann.CCM.InverseEnergyData.determinantRatio_pos
DECL|theorem|Riemann.CCM.Native.latticeTail_zero_eq_hyperbolic._simp_1_4
DECL|theorem|Riemann.Basic.columnMass._proof_3
DECL|definition|Riemann.Basic.columnMassSqrt
DECL|theorem|Riemann.Analysis.FiniteWindow.compensatedShift._proof_7
DECL|theorem|Riemann.CCM.Native.mode_highPositiveIndex
DECL|theorem|Riemann.CCM.Native.positiveLatticeWeight_dimensionless._simp_1_2
DECL|theorem|Riemann.Analysis.HalfLine.sum_arithmeticKernelTerm_Ioc._simp_1_1
DECL|theorem|Riemann.Analysis.FiniteWindow.completedSourceGram_half
DECL|definition|Riemann.Analysis.HalfLine.Ambient
DECL|theorem|Riemann.Analysis.FiniteWindow.fourierInclusion._proof_11
DECL|theorem|Riemann.Analysis.FiniteWindow.nativeCompletedCompression._proof_5
DECL|theorem|Riemann.Analysis.GammaCompletion.cutoffCurrentKernel_of_lt
DECL|theorem|Riemann.Analysis.FiniteWindow.gamma_logistic_difference._simp_1_6
DECL|theorem|Riemann.CCM.Native.highFreeOperator_apply
DECL|theorem|Riemann.Basic.vectorHyperplane._proof_2
DECL|theorem|Riemann.Capacity.columnEnergy_boundaryCorrection
DECL|theorem|Riemann.CCM.FullSimpleEvenData.odd_inner_even
DECL|theorem|Riemann.Analysis.FiniteWindow.literalSourceColumns._proof_13
DECL|theorem|Riemann.Capacity.GraphData.lifted_pencil._abel_1_3
DECL|definition|Riemann.Analysis.FiniteWindow.nativeCompression
DECL|theorem|Riemann.Analysis.StrongContractionFamily.kernelLinearMap._proof_3
DECL|theorem|Riemann.CCM.InverseEnergyData.pencil_log_ratio_eq._simp_1_2
DECL|theorem|Riemann.Analysis.StrongContractionFamily.measurable_orbit
DECL|theorem|Riemann.CCM.Native.GroundAdmission.mk.inj
DECL|theorem|Riemann.Analysis.FiniteWindow.volterraRepresentative.eq_1
DECL|definition|Riemann.Arithmetic.shiftAlgebra_commRing
DECL|definition|Riemann.CCM.Native.reflection
DECL|theorem|Riemann.Analysis.FiniteWindow.mem_generatorDomain_iff_ac
DECL|theorem|Riemann.Analysis.HalfLine.killedShift._proof_1
DECL|theorem|Riemann.CCM.constantModeExample_ground_eq_constant
DECL|theorem|Riemann.CCM.Native.mem_oddHigh_zero._proof_1_1
DECL|theorem|Riemann.Basic.PositiveSchur.Data.inverseShort_short
DECL|theorem|Riemann.Analysis.FiniteWindow.gammaResolventKernel.eq_1
DECL|definition|Riemann.Analysis.FiniteWindow.translate
DECL|theorem|Riemann.Capacity.GraphData.coupling_formula
DECL|definition|Riemann.CCM.Native.highSynthesisIsometry
DECL|theorem|Riemann.Analysis.FiniteWindow.nativePolar_weilOperator
DECL|definition|Riemann.Analysis.FiniteWindow.compensatedOrbit
DECL|theorem|Riemann.Analysis.GammaCompletion.baseDerivativeL1.eq_1
DECL|theorem|Riemann.Analysis.FiniteWindow.continuousOn_gammaWeight
DECL|theorem|Riemann.CCM.InverseEnergyData.responseEnergy_pos
DECL|definition|Riemann.Analysis.HalfLine.finiteProjection
DECL|theorem|Riemann.CCM.FullSimpleEvenData.boundary_schur_energy
DECL|theorem|Riemann.CCM.Native.boundaryCharacteristic_at_mode
DECL|theorem|Riemann.CCM.Native.highRealMass.congr_simp
DECL|theorem|Riemann.Basic.columnMassSqrt._proof_1
DECL|theorem|Riemann.CCM.FullSimpleEvenData.instModuleComplexGroundComplement._proof_6
DECL|theorem|Riemann.CCM.FullSimpleEvenData.boundaryInverse_symmetric
DECL|theorem|Riemann.Capacity.GraphData.highPencil.eq_1
DECL|theorem|Riemann.Analysis.HalfLine.compactSupport._proof_3
DECL|theorem|Riemann.Analysis.FiniteWindow.generatorDomain._proof_1
DECL|theorem|Riemann.Basic.PositiveSchur.block._proof_6
DECL|theorem|Riemann.CCM.FullSimpleEvenData.instCompleteSpaceGroundComplement
DECL|definition|Riemann.CCM.FullSimpleEvenData.corrected
DECL|theorem|Riemann.Analysis.FiniteWindow.fourierInclusion_apply
DECL|theorem|Riemann.Analysis.FiniteWindow.norm_cut_le
DECL|theorem|Riemann.Basic.PositiveSchur.Data.inverseC_energy_nonneg
DECL|definition|Riemann.Capacity.GraphData.recOn
DECL|theorem|Riemann.Basic.columnRow.eq_1
DECL|theorem|Riemann.Analysis.FiniteWindow.integralCoefficients._proof_2
DECL|theorem|Riemann.CCM.Native.frequency_period._simp_1_7
DECL|theorem|Riemann.Arithmetic.weightedShift_apply
DECL|theorem|Riemann.CCM.Native.boundaryMatrix_determinant_ratio
DECL|theorem|Riemann.Analysis.HalfLine.criticalPolar._proof_3
DECL|theorem|Riemann.Analysis.HalfLine.shift.eq_1
DECL|theorem|Riemann.Analysis.HalfLine.mem_box_indices_iff
DECL|theorem|Riemann.CCM.Native.lowFreeOperator._proof_2
DECL|theorem|Riemann.Analysis.GammaCompletion.hasDerivAt_half_log._simp_1_6
DECL|theorem|Riemann.CCM.Native.imaginary_mem_integerComplement
DECL|theorem|Riemann.CCM.FullSimpleEvenData.reflection_groundVector
DECL|theorem|Riemann.CCM.Native.oddHighVector_orthonormal._simp_1_6
DECL|theorem|Riemann.Analysis.HalfLine.norm_exponential_sq
DECL|theorem|Riemann.Analysis.FiniteWindow.native_endpointCorrectedColumns_zero
DECL|theorem|Riemann.Analysis.FiniteWindow.literalSourceColumns._proof_6
DECL|theorem|Riemann.Analysis.FiniteWindow.gammaPositiveKernel_integrable
DECL|theorem|Riemann.Basic.columnMassSqrtEquiv._proof_1
DECL|theorem|Riemann.Analysis.FiniteWindow.gammaDerivative_commute_shift
DECL|definition|Riemann.Capacity.GraphData.mk.noConfusion
DECL|theorem|Riemann.Analysis.HalfLine.polarPrefactor_kills_rawGraphDefect
DECL|theorem|Riemann.CCM.InverseEnergyData.resolvent.eq_1
DECL|definition|Riemann.Basic.PositiveSchur.ThreeData.firstA
DECL|theorem|Riemann.Analysis.FiniteWindow.generator_hasGenerator
DECL|theorem|Riemann.CCM.FullSimpleEvenData.groundVector_boundary_resolvent._abel_1_1
DECL|theorem|Riemann.Analysis.FiniteWindow.fourierHilbert_eq_sum_single
DECL|theorem|Riemann.CCM.FullSimpleEvenData.boundaryProjection_boundarySection
DECL|theorem|Riemann.Capacity.RankOneBlocks.denominator.eq_1
DECL|theorem|Riemann.Analysis.FiniteWindow.literalColumnMetric_half
DECL|theorem|Riemann.Analysis.FiniteWindow.translate_ae
DECL|theorem|Riemann.Basic.hasDerivAt_L1_of_dominated_lip._simp_1_1
DECL|definition|Riemann.Analysis.StrongContractionFamily._sizeOf_inst
DECL|definition|Riemann.CCM.FullSimpleEvenData.groundComplementCore
DECL|theorem|Riemann.CCM.FullSimpleEvenData.groundVector_schur
DECL|theorem|Riemann.CCM.Native.phased_sinc._simp_1_3
DECL|theorem|Riemann.Analysis.FiniteWindow.nativeCompression._proof_19
DECL|theorem|Riemann.Analysis.FiniteWindow.cutCLM._proof_1
DECL|definition|Riemann.Capacity.GraphData.casesOn
DECL|theorem|Riemann.Analysis.HalfLine.finite_supported._simp_1_1
DECL|definition|Riemann.Capacity.PositivePencil.recOn
DECL|theorem|Riemann.Analysis.FiniteWindow.nativeCompression._proof_2
DECL|theorem|Riemann.Analysis.GammaCompletion.hasDerivAt_logPrimitive
DECL|theorem|_private.Riemann.Analysis.HalfLine.RawEuler.0.Riemann.Analysis.HalfLine.rawValue_eq
DECL|definition|Riemann.Basic.columnRow
DECL|theorem|Riemann.CCM.FullSimpleEvenData.boundaryHyperplane_complete
DECL|definition|Riemann.Analysis.FiniteWindow.HasACDerivative
DECL|theorem|Riemann.CCM.FullSimpleEvenData.groundComplementProjection._proof_1
DECL|theorem|Riemann.Analysis.HalfLine.shiftFamily._proof_3
DECL|theorem|Riemann.Analysis.HalfLine.rawPartialSum_stable._simp_1_2
DECL|theorem|Riemann.Analysis.FiniteWindow.fourierIsometry_apply
DECL|theorem|Riemann.Capacity.trace_mass_nonneg
DECL|theorem|Riemann.Capacity.GraphData.metric_graph_pairing
DECL|theorem|Riemann.Analysis.HalfLine.criticalPolar._proof_1
DECL|definition|Riemann.Analysis.HalfLine.criticalKernelL1
DECL|definition|Riemann.CCM.Native.Coefficients.recOn
DECL|theorem|Riemann.CCM.Native.displacement_entry._simp_1_2
DECL|theorem|Riemann.CCM.Native.nativeHighSourceResponse_unique
DECL|theorem|Riemann.Basic.positiveGalerkin_projection
DECL|theorem|Riemann.Analysis.FiniteWindow.orbitIntegral_eq_volterra_zero
DECL|definition|Riemann.Analysis.HalfLine.completedCore
DECL|theorem|Riemann.Basic.complex_sin_add_int_mul_pi
DECL|theorem|Riemann.Analysis.FiniteWindow.nativeCompression._proof_18
DECL|definition|Riemann.CCM.FullSimpleEvenData.instNormedAddCommGroupGroundComplement
DECL|theorem|Riemann.CCM.Native.native_displacement
DECL|definition|Riemann.Analysis.FiniteWindow.nativeGammaIntegrand
DECL|definition|Riemann.CCM.Native.weilOperator
DECL|theorem|Riemann.CCM.FullSimpleEvenData.groundComplement_energy_pos
DECL|definition|Riemann.CCM.Native.highRealEnergy
DECL|theorem|Riemann.Basic.galerkinGram.congr_simp
DECL|theorem|Riemann.Arithmetic.multiplicativeShift_killed_of_exp_le
DECL|theorem|Riemann.Analysis.HalfLine.boxVector_supported
DECL|theorem|Riemann.Analysis.FiniteWindow.nativeCompression._proof_14
DECL|theorem|Riemann.Analysis.FiniteWindow.nativeGammaCompression._proof_5
DECL|theorem|Riemann.Analysis.FiniteWindow.completedSourceGram.eq_1
DECL|definition|Riemann.Analysis.GammaCompletion.criticalDerivativeL1
DECL|definition|Riemann.CCM.InverseEnergyData._sizeOf_inst
DECL|theorem|Riemann.Analysis.FiniteWindow.HasGenerator.orbit_right
DECL|theorem|Riemann.CCM.Native.dimensionless_lattice_eq_cot._simp_1_6
DECL|theorem|Riemann.Basic.PositiveSchur.Data.ofOperator._proof_3
DECL|theorem|Riemann.CCM.Native.freeMatrix_det_ne_zero_iff._simp_1_1
DECL|theorem|Riemann.Analysis.FiniteWindow.nativeCompletedCompression._proof_14
DECL|theorem|Riemann.Basic.PositiveSchur.Data.inverseC_adjoint
DECL|theorem|Riemann.Analysis.FiniteWindow.shift_add
DECL|definition|Riemann.Capacity.GraphData._sizeOf_inst
DECL|theorem|Riemann.Capacity.scalar_log_ratio_bounds._simp_1_3
DECL|definition|Riemann.Analysis.FiniteWindow.completedCurrentForm
DECL|theorem|Riemann.Analysis.FiniteWindow.completedFrame_commute_volterra
DECL|definition|Riemann.Analysis.FiniteWindow.primeCharacter
DECL|theorem|Riemann.Analysis.FiniteWindow.resolventFactor._proof_2
DECL|theorem|Riemann.Analysis.HalfLine.sqrt_increment_lower
DECL|theorem|Riemann.Arithmetic.natLog_one
DECL|definition|Riemann.Basic.PositiveSchur.ThreeData.tail
DECL|definition|Riemann.CCM.FullSimpleEvenData.instAddCommGroupGroundComplement._aux_1
DECL|theorem|Riemann.Analysis.FiniteWindow.fourierInclusion._proof_2
DECL|theorem|Riemann.CCM.FullSimpleEvenData.oddColumn_displacement
DECL|theorem|Riemann.CCM.Native.oddHighRealSynthesis.eq_1
DECL|theorem|Riemann.Capacity.GraphData.mk.injEq
DECL|theorem|Riemann.Analysis.FiniteWindow.literalSourceColumns._proof_7
DECL|theorem|Riemann.Analysis.FiniteWindow.resolventFactor_inverse_left
DECL|theorem|Riemann.Basic.PositiveSchur.crossBlock._proof_2
DECL|theorem|Riemann.CCM.FullSimpleEvenData.boundaryHyperplane_shifted_kernel
DECL|theorem|Riemann.Analysis.HalfLine.integrable_volterra_orbit
DECL|theorem|Riemann.Basic.PositiveSchur.firstBlock.eq_1
DECL|theorem|Riemann.CCM.InverseEnergyData.freePencil.eq_1
DECL|theorem|Riemann.CCM.constantModeExample._proof_13
DECL|theorem|Riemann.CCM.Native.phased_sinc._simp_1_4
DECL|theorem|Riemann.Capacity.scalar_log_ratio_bounds._simp_1_1
DECL|theorem|Riemann.Analysis.currentForm.eq_1
DECL|theorem|Riemann.Analysis.FiniteWindow.gamma_logistic_difference._simp_1_7
DECL|definition|Riemann.Capacity.GraphData.coupling
DECL|theorem|Riemann.CCM.Native.integral_fourierFunction_centered._simp_1_6
DECL|definition|Riemann.Analysis.FiniteWindow.shiftFamily
DECL|theorem|Riemann.Analysis.HalfLine.inv_sqrt_sum_bounds
DECL|theorem|Riemann.Analysis.FiniteWindow.compensatedCoefficients.eq_1
DECL|theorem|Riemann.Analysis.HalfLine.criticalKernel_support
DECL|theorem|Riemann.CCM.Native.ofMatrix._proof_3
DECL|theorem|Riemann.CCM.Native.squaredDerivative_mem_oddHigh
DECL|theorem|Riemann.Analysis.HalfLine.continuous_shift_apply
DECL|theorem|Riemann.CCM.FullSimpleEvenData.finite_dimensional
DECL|theorem|Riemann.Arithmetic.natLog.eq_1
DECL|theorem|Riemann.Capacity.GraphData.betaGraph._proof_1
DECL|theorem|Riemann.CCM.InverseEnergyData.hasDerivAt_boundaryResponse_deriv
DECL|theorem|Riemann.CCM.FullSimpleEvenData.boundaryProjection._proof_1
DECL|definition|Riemann.CCM.Native.nativeHighSourceResponse
DECL|theorem|Riemann.CCM.Native.mode_eq_zero._simp_1
DECL|theorem|Riemann.Basic.hasDerivAt_L1_of_dominated_lip._simp_1_3
DECL|theorem|Riemann.Analysis.FiniteWindow.polar_current_half
DECL|definition|Riemann.Analysis.FiniteWindow.nativeGammaConstant
DECL|definition|Riemann.Basic.PositiveSchur.Data.recOn
DECL|theorem|Riemann.Analysis.FiniteWindow.nativeGammaCompression._proof_12
DECL|theorem|Riemann.CCM.InverseEnergyData.logarithmicEnergy_identity._simp_1_6
DECL|theorem|Riemann.CCM.Native.mode_range._proof_1_4
DECL|theorem|Riemann.Analysis.StrongContractionFamily.integrationLinearMap._proof_2
DECL|theorem|Riemann.Basic.columnMassSqrt._proof_11
DECL|theorem|Riemann.CCM.Native.half_frequency._simp_1_2
DECL|theorem|Riemann.CCM.Native.endpoint_pairing
DECL|theorem|Riemann.Analysis.FiniteWindow.integrable_coefficients_of_entries._simp_1_3
DECL|definition|Riemann.Capacity.GraphData.zeta
DECL|theorem|Riemann.CCM.FullSimpleEvenData.boundaryObservation_schur_transitive
DECL|theorem|Riemann.Analysis.FiniteWindow.killedShift._proof_1
DECL|definition|Riemann.Source.gramEquiv
DECL|theorem|Riemann.CCM.FullSimpleEvenData.normalized_boundary_observation
DECL|definition|Riemann.Analysis.HalfLine.cut
DECL|theorem|Riemann.Analysis.HalfLine.cut_ae
DECL|theorem|Riemann.CCM.FullSimpleEvenData.boundaryInverse_adjoint
DECL|theorem|Riemann.Analysis.HalfLine.rawPartialSum_witness_independent
DECL|theorem|Riemann.CCM.FullSimpleEvenData.oddGraphData._proof_9
DECL|theorem|Riemann.Analysis.FiniteWindow.nativeCompression._proof_10
DECL|theorem|Riemann.Basic.mul_complexSinc._simp_1_2
DECL|theorem|Riemann.Basic.complexification_inverse
DECL|theorem|Riemann.Analysis.FiniteWindow.realVolterraWeight.eq_1
DECL|theorem|Riemann.Analysis.FiniteWindow.completedCurrent._proof_3
DECL|theorem|Riemann.CCM.Native.endpoint_apply
DECL|definition|Riemann.Analysis.HalfLine.completedOperator
DECL|theorem|Riemann.Analysis.FiniteWindow.integrable_coefficients_of_entries._simp_1_1
DECL|theorem|Riemann.Analysis.FiniteWindow.hasDerivAt_polarOperator
DECL|theorem|Riemann.Analysis.FiniteWindow.cut_add
DECL|theorem|Riemann.Arithmetic.shiftAlgebra._proof_1
DECL|definition|Riemann.Analysis.FiniteWindow.literalColumnMatrix
DECL|theorem|Riemann.Analysis.GammaCompletion.alpha.eq_1
DECL|theorem|Riemann.Analysis.FiniteWindow.completedCurrentForm_hermitian
DECL|theorem|Riemann.Analysis.GammaCompletion.measurable_cutoffCurrentKernel
DECL|definition|Riemann.Analysis.FiniteWindow.hermitianShiftCoefficients
DECL|theorem|Riemann.Analysis.FiniteWindow.continuous_nativeFourier
DECL|definition|Riemann.CCM.Native.oddHighFree
DECL|theorem|Riemann.Arithmetic.twist_apply
DECL|theorem|Riemann.Analysis.FiniteWindow.integral_fourier_summands._simp_1_2
DECL|definition|Riemann.Capacity.GraphData.capacityWithLattice
DECL|theorem|Riemann.CCM.FullSimpleEvenData.mem_boundaryHyperplane._simp_1
DECL|theorem|Riemann.CCM.FullSimpleEvenData.instModuleComplexGroundComplement._proof_7
DECL|theorem|Riemann.CCM.Native.native_boundarySoftMean_eq_highMean_add_lattice
DECL|theorem|Riemann.CCM.Native.fullData.eq_1
DECL|theorem|Riemann.Analysis.FiniteWindow.re_div_I_real._simp_1_1
DECL|theorem|Riemann.Analysis.HalfLine.sum_arithmeticKernelTerm._simp_1_1
DECL|theorem|Riemann.CCM.FullSimpleEvenData.groundComplementProjection._proof_8
DECL|definition|Riemann.CCM.FullSimpleEvenData.groundProjector
DECL|theorem|Riemann.Basic.columnMassSqrt_adjoint
DECL|theorem|Riemann.CCM.InverseEnergyData.inverseEnergy_eq
DECL|theorem|Riemann.Basic.PositiveSchur.ThreeData.ofBlocks._proof_2
DECL|definition|Riemann.Analysis.StrongContractionFamily.kernelOperator
DECL|theorem|Riemann.Arithmetic.eulerSynthesis_sum
DECL|theorem|Riemann.Analysis.FiniteWindow.primeCurrent_commute_volterra
DECL|theorem|Riemann.CCM.Native.weilMatrix_symmetric._simp_1_7
DECL|theorem|Riemann.CCM.constantModeExample._proof_10
DECL|theorem|Riemann.Capacity.PositivePencil.softMean_congruence
DECL|theorem|Riemann.CCM.FullSimpleEvenData.boundaryHyperplane._proof_3
DECL|theorem|Riemann.Capacity.GraphData.lifted_mass
DECL|definition|Riemann.Analysis.HalfLine.compactSupport
DECL|theorem|Riemann.CCM.Native.native_boundaryMatrix_operator
DECL|theorem|Riemann.Basic.PositiveSchur.firstColumn._proof_1
DECL|theorem|Riemann.Analysis.FiniteWindow.nativeCompletedCompression._proof_19
DECL|definition|Riemann.CCM.InverseEnergyData.B
DECL|theorem|Riemann.Analysis.currentForm_hermitian
DECL|theorem|Riemann.CCM.Native.positiveLatticeWeight_dimensionless._simp_1_3
DECL|theorem|Riemann.CCM.FullSimpleEvenData.boundaryInverse_compression
DECL|theorem|Riemann.Basic.projectorNormalized_eq_normalized_ground
DECL|theorem|Riemann.Analysis.FiniteWindow.primeShift.eq_1
DECL|definition|Riemann.CCM.FullSimpleEvenData.D
DECL|theorem|Riemann.CCM.Native.native_fixed_anchor_capacity_energy_bounds
DECL|theorem|Riemann.CCM.Native.frequency_half_period._simp_1_1
DECL|definition|Riemann.CCM.Native.Coefficients.casesOn
DECL|theorem|Riemann.CCM.FullSimpleEvenData.boundaryCompression_injective
DECL|theorem|Riemann.Arithmetic.native_logarithmicCurrent
DECL|definition|Riemann.Analysis.FiniteWindow.ofContinuous
DECL|theorem|Riemann.CCM.Native.latticeTail_quarter_le
DECL|theorem|Riemann.Basic.vectorHyperplane._proof_1
DECL|definition|Riemann.Basic.strictlyPositiveEquiv
DECL|theorem|Riemann.Arithmetic.synthesis_mul._simp_1_2
DECL|definition|Riemann.Analysis.HalfLine.projection
DECL|theorem|Riemann.Analysis.FiniteWindow.volterra_ae_integral
DECL|theorem|Riemann.CCM.FullSimpleEvenData.corrected.eq_1
DECL|theorem|Riemann.CCM.Native.native_determinant_ratio
DECL|theorem|Riemann.CCM.Native.complexSinc_logDeriv
DECL|theorem|Riemann.Basic.positivePair_spectral_representation._simp_1_5
DECL|theorem|Riemann.Basic.PositiveSchur.ThreeData.mk.injEq
DECL|theorem|Riemann.Capacity.GraphData.betaGraph.eq_1
DECL|theorem|Riemann.CCM.InverseEnergyData.inversePencil_boundary
DECL|theorem|Riemann.Analysis.FiniteWindow.nativeCompletedCompression._proof_6
DECL|theorem|Riemann.CCM.Native.derivative.eq_1
DECL|theorem|Riemann.Analysis.FiniteWindow.gamma_logistic_difference._simp_1_5
DECL|theorem|Riemann.Capacity.GraphData.mk.inj
DECL|theorem|Riemann.Capacity.RankOneBlocks.inverse_normal_mass
DECL|theorem|Riemann.Arithmetic.killedShift.eq_1
DECL|theorem|Riemann.CCM.InverseEnergyData.inversePencil_beta._simp_1_1
DECL|theorem|Riemann.Analysis.FiniteWindow.integral_fourier_summands._simp_1_1
DECL|theorem|Riemann.Basic.error_energy
DECL|theorem|Riemann.Capacity.endpointCorrectedColumns._proof_5
DECL|theorem|Riemann.CCM.FullSimpleEvenData.oddGraphData._proof_21
DECL|theorem|Riemann.CCM.FullSimpleEvenData.constant_kernel
DECL|theorem|Riemann.Arithmetic.twist._proof_1
DECL|definition|Riemann.CCM.FullSimpleEvenData.boundaryMass
DECL|theorem|Riemann.Analysis.HalfLine.sum_arithmeticKernelTerm_Ioc
DECL|theorem|Riemann.Basic.PositiveSchur.Data.short_positive
DECL|theorem|Riemann.Analysis.FiniteWindow.literalColumnMetric._proof_6
DECL|definition|Riemann.CCM.Native.freeMatrix
DECL|theorem|Riemann.Basic.columnMassSqrt._proof_2
DECL|definition|Riemann.Capacity.GraphData.graphPencil
DECL|theorem|Riemann.Analysis.FiniteWindow.polarKernel_separable._simp_1_4
DECL|theorem|Riemann.Basic.PositiveSchur.Data.reconstruction
DECL|theorem|Riemann.CCM.FullSimpleEvenData.oddGraphData._proof_13
DECL|theorem|Riemann.CCM.Native.native_boundaryCharacteristic_eq_integral
DECL|definition|Riemann.CCM.InverseEnergyData.noConfusion
DECL|definition|Riemann.Analysis.FiniteWindow.primeRealWeight
DECL|theorem|Riemann.Basic.galerkinGram._proof_3
DECL|theorem|Riemann.CCM.Native.lowFreeOperator._proof_9
DECL|theorem|Riemann.Basic.PositiveSchur.block.eq_1
DECL|theorem|Riemann.CCM.FullSimpleEvenData.instAddCommGroupGroundComplement._proof_6
DECL|theorem|Riemann.Analysis.FiniteWindow.inner_ofContinuous_killedShift
DECL|theorem|Riemann.CCM.Native.freeMatrix_sub
DECL|theorem|Riemann.CCM.Native.zeroIndex.eq_1
DECL|theorem|Riemann.CCM.Native.highMatrixOperator._proof_5
DECL|theorem|Riemann.Analysis.FiniteWindow.generatorCoordinate._proof_1
DECL|definition|Riemann.Basic.PositiveSchur.Data.ctorIdx
DECL|definition|Riemann.Analysis.StrongContractionFamily.mk._flat_ctor
DECL|theorem|Riemann.CCM.Native.nativeHighSourceEnergy._proof_1
DECL|theorem|Riemann.CCM.Native.phased_sinc._simp_1_6
DECL|theorem|Riemann.Basic.boundaryRow._proof_4
DECL|theorem|Riemann.Analysis.HalfLine.arithmeticCount.eq_1
DECL|theorem|Riemann.Basic.projector_boundary_ne_zero
DECL|definition|Riemann.Analysis.FiniteWindow.shift
DECL|theorem|Riemann.Analysis.FiniteWindow.norm_weightedOrbit_le
DECL|theorem|Riemann.CCM.Native.ofMatrix._proof_5
DECL|definition|Riemann.Analysis.StrongContractionFamily.noConfusionType
DECL|theorem|Riemann.Analysis.FiniteWindow.fourierInclusion._proof_5
DECL|theorem|Riemann.Analysis.FiniteWindow.volterraRepresentative_eq
DECL|theorem|Riemann.CCM.InverseEnergyData.boundaryCorrection.eq_1
DECL|theorem|Riemann.Analysis.HalfLine.completedOperator_finiteInclusion
DECL|definition|Riemann.CCM.FullSimpleEvenData.instModuleComplexGroundComplement
DECL|theorem|Riemann.CCM.Native.mode_range._proof_1_3
DECL|theorem|Riemann.Analysis.FiniteWindow.norm_volterra_le
DECL|theorem|Riemann.Basic.PositiveSchur.ThreeData.ofBlocks._proof_5
DECL|theorem|Riemann.Analysis.HalfLine.rawPartialSum_stable._simp_1_1
DECL|definition|Riemann.Basic.PositiveSchur.ThreeData.successiveInverse
DECL|theorem|Riemann.CCM.FullSimpleEvenData.derivative_constant
DECL|definition|Riemann.Analysis.FiniteWindow.cutCLM
DECL|theorem|Riemann.CCM.Native.highPositiveIndex._proof_2
DECL|theorem|Riemann.Analysis.HalfLine.rawGraphDefect._proof_3
DECL|definition|Riemann.Analysis.HalfLine.exponentialFunction
DECL|theorem|Riemann.Analysis.FiniteWindow.gammaOperator_half
DECL|theorem|Riemann.CCM.Native.weilMatrix_hermitian
DECL|theorem|Riemann.Analysis.FiniteWindow.compensatedOrbit._proof_2
DECL|theorem|Riemann.Capacity.PositivePencil.softMean_orthogonalSum
DECL|theorem|Riemann.Analysis.FiniteWindow.gammaDerivative_apply
DECL|theorem|Riemann.Analysis.FiniteWindow.ofContinuous.congr_simp
DECL|theorem|Riemann.Analysis.HalfLine.rawEuler_box_ae
DECL|theorem|Riemann.CCM.Native.constant_apply
DECL|theorem|Riemann.CCM.Native.oddHighVector_orthonormal._simp_1_2
DECL|theorem|Riemann.Analysis.FiniteWindow.nativeCompression_apply
DECL|theorem|Riemann.CCM.Native.boundaryCharacteristic_eq_fourier._simp_1_6
DECL|theorem|Riemann.Capacity.GraphData.positiveK
DECL|theorem|Riemann.CCM.Native.native_displacement._simp_1_2
DECL|theorem|Riemann.Analysis.FiniteWindow.range_completedFrame
DECL|theorem|Riemann.Analysis.GammaCompletion.base_integrable
DECL|definition|Riemann.Capacity.PositivePencil.orthogonalSum
DECL|theorem|Riemann.CCM.Native.nativeHigh_freePencil_det
DECL|definition|Riemann.CCM.FullSimpleEvenData.groundVector
DECL|theorem|Riemann.CCM.Native.highMatrixOperator._proof_2
DECL|definition|Riemann.Capacity.PositivePencil._sizeOf_inst
DECL|theorem|Riemann.Analysis.StrongContractionFamily.norm_integration_le
DECL|definition|Riemann.Analysis.FiniteWindow.volterraRepresentative
DECL|theorem|Riemann.Analysis.FiniteWindow.primeAlgebra_comm
DECL|theorem|Riemann.CCM.Native.constant.eq_1
DECL|theorem|Riemann.CCM.Native.oddHighVector_positive._simp_1_1
DECL|theorem|Riemann.Analysis.FiniteWindow.hermitianShiftCoefficients._proof_3
DECL|theorem|Riemann.Arithmetic.eulerSynthesis_mul_moebiusInverse
DECL|theorem|Riemann.Analysis.FiniteWindow.norm_translate
DECL|theorem|Riemann.Analysis.FiniteWindow.continuous_killedShift_apply
DECL|theorem|Riemann.CCM.Native.canonicalNativeGraphData_highMean_real
DECL|theorem|Riemann.CCM.FullSimpleEvenData.boundaryCompression_symmetric
DECL|theorem|Riemann.Basic.positiveGalerkin_inner_observation
DECL|theorem|Riemann.CCM.Native.nativeHighSourceResponse.eq_1
DECL|theorem|Riemann.Capacity.GraphData.graph_high_cross
DECL|definition|Riemann.Capacity.GraphData._sizeOf_1
DECL|theorem|Riemann.CCM.FullSimpleEvenData.boundaryHyperplane_finite
DECL|theorem|Riemann.CCM.Native.canonicalNativeGraphData._proof_4
DECL|theorem|Riemann.CCM.Native.canonicalNativeGraphData_fullPencil
DECL|theorem|Riemann.CCM.Native.displacement_entry._simp_1_3
DECL|theorem|Riemann.CCM.Native.centeredFourierRow_apply
DECL|theorem|Riemann.Capacity.GraphData.couplingGraphMass.eq_1
DECL|theorem|Riemann.Analysis.HalfLine.inv_sqrt_sum_real_endpoints._proof_1_1
DECL|definition|Riemann.CCM.Native.fourierFunction
DECL|theorem|Riemann.Arithmetic.finiteEuler_denominator_inverse
DECL|theorem|Riemann.CCM.FullSimpleEvenData.oddGraphData._proof_17
DECL|theorem|Riemann.CCM.FullSimpleEvenData.boundaryHyperplane._proof_4
DECL|theorem|Riemann.CCM.Native.integral_fourierFunction_centered
DECL|theorem|Riemann.Basic.PositiveSchur.ThreeData.first._proof_1
DECL|theorem|Riemann.Basic.galerkinResidual.congr_simp
DECL|theorem|Riemann.CCM.Native.boundaryCharacteristic_eq_fourier
DECL|theorem|Riemann.Analysis.FiniteWindow.polarKernel_separable._simp_1_3
DECL|theorem|Riemann.Basic.complexSinc.eq_1
DECL|theorem|Riemann.CCM.Native.nativeHighPencil._proof_1
DECL|theorem|Riemann.CCM.constantModeExample._proof_1
DECL|theorem|Riemann.Analysis.instContinuousSMulRealContinuousLinearMapComplexId_riemann
DECL|theorem|Riemann.Analysis.FiniteWindow.completedFrame_injective
DECL|theorem|Riemann.CCM.FullSimpleEvenData.groundComplementTopologyEquiv._proof_5
DECL|theorem|Riemann.Analysis.HalfLine.integrable_kernel_majorant
DECL|theorem|Riemann.Analysis.HalfLine.arithmeticKernelTerm_of_count_lt
DECL|theorem|Riemann.Capacity.RankOneBlocks.lowResponse.eq_1
DECL|theorem|Riemann.Capacity.GraphData.betaGraph._proof_9
DECL|theorem|Riemann.CCM.InverseEnergyData.boundaryCorrection_second_derivative._simp_1_5
DECL|theorem|Riemann.CCM.FullSimpleEvenData.boundary_boundarySection
DECL|theorem|Riemann.CCM.Native.lowFreeOperator._proof_10
DECL|theorem|Riemann.CCM.FullSimpleEvenData.boundary_schur_complex
DECL|theorem|Riemann.Analysis.HalfLine.criticalKernel_integrableOn
DECL|theorem|_private.Riemann.Analysis.HalfLine.RawEuler.0.Riemann.Analysis.HalfLine.supportWitness_pos
DECL|theorem|Riemann.CCM.Native.summable_dimensionless_lattice
DECL|theorem|Riemann.Analysis.FiniteWindow.resolventFactor.eq_1
DECL|definition|Riemann.CCM.InverseEnergyData.pencil
DECL|definition|Riemann.Analysis.FiniteWindow.volterra
DECL|theorem|Riemann.Arithmetic.nativeEuler_factorization._simp_1_2
DECL|theorem|Riemann.Analysis.FiniteWindow.nativeFourier_hasGenerator
DECL|theorem|Riemann.Analysis.FiniteWindow.nativeCompletedCompression._proof_9
DECL|theorem|Riemann.Analysis.FiniteWindow.fourierShiftCompression_entry_offDiagonal._simp_1_5
DECL|theorem|Riemann.CCM.Native.lowHighMerge._proof_1
DECL|theorem|Riemann.CCM.Native.highRealZeta.eq_1
DECL|theorem|Riemann.Basic.PositiveSchur.ThreeData.direct._proof_5
DECL|theorem|Riemann.CCM.Native.latticeFrequency.eq_1
DECL|theorem|Riemann.Basic.PositiveSchur.ThreeData.observation_transitivity
DECL|theorem|Riemann.CCM.InverseEnergyData.capacity_log_bounds
DECL|theorem|Riemann.Analysis.FiniteWindow.fourierHilbert_inner
DECL|theorem|Riemann.Analysis.FiniteWindow.fourierHilbert_ae
DECL|theorem|Riemann.Analysis.FiniteWindow.norm_real_kernel_shift_le
DECL|theorem|Riemann.Arithmetic.nativeEuler._proof_1
DECL|theorem|Riemann.CCM.FullSimpleEvenData.groundComplementSubmodule_complete
DECL|constructor|Riemann.CCM.Native.Coefficients.mk
DECL|theorem|Riemann.Analysis.FiniteWindow.nativeCompression._proof_25
DECL|theorem|Riemann.CCM.Native.positiveLatticeWeight_dimensionless._simp_1_5
DECL|theorem|Riemann.CCM.Native.derivative_apply
DECL|theorem|Riemann.Analysis.GammaCompletion.hasDerivAt_kernelL1_half
DECL|theorem|Riemann.CCM.Native.half_frequency._simp_1_7
DECL|definition|Riemann.Analysis.FiniteWindow.killedShift
DECL|theorem|Riemann.Basic.matrixContraction._proof_11
DECL|theorem|Riemann.Basic.galerkinGram._proof_1
DECL|theorem|Riemann.CCM.FullSimpleEvenData.shifted_mem_groundComplement
DECL|theorem|Riemann.Analysis.FiniteWindow.integral_fourier_summands._simp_1_9
DECL|theorem|Riemann.CCM.Native.endpointRow.eq_1
DECL|theorem|Riemann.CCM.FullSimpleEvenData.boundary_observation_inner
DECL|theorem|Riemann.CCM.FullSimpleEvenData.oddColumnPencil._proof_4
DECL|theorem|Riemann.CCM.FullSimpleEvenData.groundQuotientEquiv._proof_1
DECL|theorem|Riemann.Analysis.FiniteWindow.HasACDerivative._proof_2
DECL|theorem|Riemann.Arithmetic.synthesis.eq_1
DECL|theorem|Riemann.CCM.Native.weilMatrix_symmetric
DECL|theorem|Riemann.CCM.Native.half_frequency._simp_1_4
DECL|theorem|Riemann.CCM.Native.nativeHigh_fixed_anchor_capacity_energy_bounds
DECL|theorem|Riemann.Analysis.FiniteWindow.isClosed_generator_graph
DECL|theorem|Riemann.Basic.PositiveSchur.Data.ofOperator_block
DECL|theorem|Riemann.CCM.InverseEnergyData.hasDerivAt_responseEnergy
DECL|theorem|Riemann.Analysis.HalfLine.rawBoxVectors_tendsto
DECL|theorem|Riemann.CCM.InverseEnergyData.mk.inj
DECL|theorem|Riemann.Analysis.FiniteWindow.realVolterra_compensatedOrbit
DECL|theorem|Riemann.Analysis.FiniteWindow.primeShift._proof_5
DECL|theorem|Riemann.Arithmetic.natLog_mul
DECL|definition|Riemann.Basic.PositiveSchur.Data.noConfusion
DECL|theorem|Riemann.Analysis.FiniteWindow.HasGenerator.unique
DECL|theorem|Riemann.Analysis.FiniteWindow.weilMatrix_integralCoefficients
DECL|theorem|Riemann.CCM.FullSimpleEvenData.oddColumnPencil_energy_positive
DECL|theorem|Riemann.Analysis.HalfLine.rawBoxScalar_tendsto
DECL|theorem|Riemann.Analysis.FiniteWindow.gammaCurrentDomain._proof_3
DECL|theorem|Riemann.Capacity.GraphData.coupling_eq_lifted_difference
DECL|theorem|Riemann.Capacity.GraphData.graphChange_apply
DECL|theorem|Riemann.Analysis.FiniteWindow.re_div_I_real
DECL|theorem|Riemann.Analysis.FiniteWindow.hasDerivAt_nativeCompletedSourceGram_current
DECL|definition|Riemann.Basic.PositiveSchur.ThreeData.mk.noConfusion
DECL|theorem|Riemann.CCM.Native.frequency_period._simp_1_3
DECL|theorem|Riemann.Basic.mul_complexSinc._simp_1_4
DECL|theorem|Riemann.Analysis.FiniteWindow.polarOperator_commute_shift
DECL|theorem|Riemann.Capacity.GraphData.lifted_pencil._abel_1_4
DECL|definition|Riemann.Capacity.PositivePencil.mass
DECL|theorem|Riemann.CCM.FullSimpleEvenData.oddGraphData._proof_18
DECL|definition|Riemann.Analysis.FiniteWindow.gammaPositiveKernel
DECL|definition|Riemann.Analysis.FiniteWindow.terminalPrimitive
DECL|theorem|Riemann.Analysis.HalfLine.critical_second_cancellation
DECL|theorem|Riemann.CCM.InverseEnergyData.hasDerivAt_log_determinantRatio._simp_1_6
DECL|theorem|Riemann.Analysis.HalfLine.smoothingKernel._proof_2
DECL|theorem|Riemann.Analysis.FiniteWindow.nativeGammaIntegrand._proof_4
DECL|definition|Riemann.Capacity.PositivePencil._sizeOf_1
DECL|theorem|Riemann.CCM.Native.nativeLowHighColumns_odd
DECL|definition|Riemann.CCM.FullSimpleEvenData._sizeOf_inst
DECL|theorem|Riemann.Basic.columnMass.eq_1
DECL|theorem|Riemann.Analysis.HalfLine.ambient_norm_sq
DECL|theorem|Riemann.Capacity.GraphData.graphChange._proof_4
DECL|theorem|Riemann.CCM.Native.highCoordinateEquiv_realForm
DECL|theorem|Riemann.Analysis.FiniteWindow.prime_synthesis_sum
DECL|theorem|Riemann.Basic.PositiveSchur.Data.mk.injEq
DECL|definition|Riemann.CCM.Native.boundaryCharacteristic
DECL|theorem|Riemann.Capacity.PositivePencil.softMean_hyperplane_bounds
DECL|definition|Riemann.Analysis.FiniteWindow.compensatedCoefficients
DECL|definition|Riemann.Basic.PositiveSchur.ThreeData.first
DECL|theorem|Riemann.CCM.Native.frequency_half_period._simp_1_3
DECL|theorem|Riemann.CCM.Native.oddHighProjection._proof_4
DECL|theorem|Riemann.CCM.Native.realColumnGram_symmetric
DECL|theorem|Riemann.Analysis.FiniteWindow.primeAlgebra._proof_2
DECL|theorem|Riemann.CCM.Native.oddHighVector.eq_1
DECL|theorem|Riemann.Analysis.FiniteWindow.hermitianShift_entry._simp_1_4
DECL|theorem|Riemann.CCM.Native.oddHighProjection._proof_10
DECL|theorem|Riemann.Analysis.FiniteWindow.compensatedIntegral_weilOperator
DECL|theorem|Riemann.Analysis.HalfLine.shiftFamily._proof_1
DECL|definition|Riemann.Analysis.StrongContractionFamily.ctorIdx
DECL|theorem|Riemann.Analysis.HalfLine.rawGraphDefect._proof_1
DECL|definition|Riemann.Capacity.GraphData.graphMetric
DECL|theorem|Riemann.CCM.InverseEnergyData.boundaryCorrection_pos
DECL|theorem|Riemann.CCM.InverseEnergyData.pencil_log_ratio_eq._simp_1_6
DECL|theorem|Riemann.Analysis.GammaCompletion.norm_cutoffCurrentKernel_sub_le
DECL|definition|Riemann.CCM.InverseEnergyData.boundaryResponse
DECL|theorem|Riemann.Analysis.FiniteWindow.volterra_commute
DECL|theorem|Riemann.Analysis.FiniteWindow.completedSourceGram._proof_1
DECL|definition|Riemann.CCM.Native.highMatrixOperator
DECL|theorem|Riemann.CCM.FullSimpleEvenData.boundary_schur_complex._simp_1_2
DECL|theorem|Riemann.CCM.Native.highRealFree_pos
DECL|theorem|Riemann.Capacity.block_low_gram
DECL|definition|Riemann.Analysis.StrongContractionFamily._sizeOf_1
DECL|theorem|Riemann.CCM.Native.weilMatrix_reflect
DECL|definition|Riemann.CCM.Native.realColumnGram
DECL|theorem|Riemann.Analysis.HalfLine.sum_arithmeticKernelTerm_Ioc._proof_1_4
DECL|theorem|Riemann.CCM.FullSimpleEvenData.boundary_schur_complex._simp_1_6
DECL|theorem|Riemann.CCM.Native.native_full_freeMean_eq_retained
DECL|theorem|Riemann.Analysis.FiniteWindow.HasGenerator.eq_neg_volterra_zero
DECL|definition|Riemann.Analysis.FiniteWindow.fourierIsometry
DECL|theorem|Riemann.Capacity.GraphData.coupling_denominator_pos
DECL|theorem|Riemann.Analysis.HalfLine.shift_zero
DECL|definition|Riemann.CCM.Native.Coefficients.diagonal
DECL|theorem|Riemann.Analysis.FiniteWindow.re_div_I_real._simp_1_5
DECL|theorem|Riemann.CCM.FullSimpleEvenData.boundaryHyperplane._proof_1
DECL|theorem|Riemann.Analysis.HalfLine.completedOperator_finite_kernel
DECL|theorem|Riemann.Basic.PositiveSchur.block.congr_simp
DECL|theorem|Riemann.Capacity.GraphData.graphChange._proof_2
DECL|theorem|Riemann.CCM.Native.frequency_eq_lattice
DECL|theorem|Riemann.Analysis.FiniteWindow.gammaWeight_nonneg
DECL|theorem|Riemann.CCM.FullSimpleEvenData.groundVector_boundary_norm_sq._simp_1_1
DECL|theorem|Riemann.CCM.Native.half_frequency._simp_1_1
DECL|theorem|Riemann.Basic.boundaryRow._proof_2
DECL|definition|Riemann.CCM.Native.fullData
DECL|theorem|Riemann.Source.gramEquiv._proof_9
DECL|definition|Riemann.Analysis.HalfLine.criticalKernel
DECL|theorem|Riemann.Capacity.GraphData.betaGraph._proof_2
DECL|theorem|Riemann.CCM.Native.integral_fourierFunction_centered._simp_1_3
DECL|definition|Riemann.Analysis.FiniteWindow.completedFrame
DECL|theorem|Riemann.Analysis.StrongContractionFamily.integrationLinearMap._proof_4
DECL|theorem|Riemann.CCM.FullSimpleEvenData.corrected_eigenvalue_real
DECL|theorem|Riemann.CCM.Native.positiveLatticeWeight_dimensionless._simp_1_6
DECL|theorem|Riemann.Analysis.FiniteWindow.nativeCompletedCompression._proof_17
DECL|theorem|Riemann.Analysis.HalfLine.rawPartialSum._proof_1
DECL|theorem|Riemann.Basic.PositiveSchur.ThreeData.direct._proof_1
DECL|theorem|Riemann.Analysis.FiniteWindow.integral_logistic
DECL|theorem|Riemann.Capacity.GraphData.coupling_nonneg
DECL|theorem|Riemann.Source.gramEquiv._proof_6
DECL|theorem|Riemann.Basic.PositiveSchur.Data.short.eq_1
DECL|theorem|Riemann.CCM.Native.highCoordinateEquiv_pencil
DECL|theorem|Riemann.Basic.PositiveSchur.ThreeData.direct._proof_2
DECL|definition|Riemann.Capacity.RankOneBlocks.lowResponse
DECL|theorem|Riemann.CCM.Native.weilOperator_selfadjoint
DECL|inductive|Riemann.Capacity.PositivePencil
DECL|theorem|Riemann.Analysis.FiniteWindow.polarKernel_separable
DECL|theorem|Riemann.Arithmetic.eulerCoefficientDerivative_eq
DECL|theorem|Riemann.Analysis.FiniteWindow.translate._proof_1
DECL|theorem|Riemann.Capacity.GraphData.pencilBlocks._proof_1
DECL|definition|_private.Riemann.Analysis.HalfLine.RawEuler.0.Riemann.Analysis.HalfLine.supportRepresentative
DECL|theorem|Riemann.CCM.Native.shifted_real
DECL|theorem|Riemann.CCM.FullSimpleEvenData.shifted_eq_zero_iff._simp_1_1
DECL|theorem|Riemann.Analysis.FiniteWindow.inner_polarVolterra._abel_1_2
DECL|theorem|Riemann.Analysis.FiniteWindow.literalSourceColumns._proof_9
DECL|definition|Riemann.Analysis.StrongContractionFamily.kernelLinearMap
DECL|theorem|Riemann.Analysis.FiniteWindow.norm_nativeMode
DECL|theorem|Riemann.CCM.Native.cot_pair_imaginary._simp_1_1
DECL|theorem|Riemann.CCM.FullSimpleEvenData.reflection_involutive
DECL|theorem|Riemann.Basic.PositiveSchur.Data.energy._abel_1_3
DECL|theorem|Riemann.CCM.Native.derivative_selfadjoint
DECL|definition|Riemann.Analysis.HalfLine.shiftFamily
DECL|theorem|Riemann.Analysis.GammaCompletion.continuousOn_baseDerivative
DECL|definition|Riemann.Basic.PositiveSchur.Data.solution
DECL|theorem|Riemann.CCM.FullSimpleEvenData.instModuleComplexGroundComplement._proof_8
DECL|theorem|Riemann.Analysis.FiniteWindow.fourierShiftCompression_entry_integral._simp_1_1
DECL|theorem|Riemann.Analysis.GammaCompletion.hasDerivAt_half_log
DECL|theorem|Riemann.Analysis.FiniteWindow.hermitianShift_entry._simp_1_6
DECL|theorem|Riemann.Basic.positiveGalerkin_energy._abel_1_3
DECL|theorem|Riemann.CCM.Native.lowHighIndexEquiv._proof_8
DECL|theorem|Riemann.Basic.hasDerivAt_L1_of_dominated_lip._simp_1_2
DECL|theorem|Riemann.Basic.PositiveSchur.ThreeData.firstB_adjoint
DECL|theorem|Riemann.Arithmetic.nativeEuler._proof_2
DECL|theorem|Riemann.Arithmetic.nativePrimeFactor_sum
DECL|theorem|Riemann.Analysis.FiniteWindow.primeShift._proof_2
DECL|theorem|Riemann.Basic.matrixContraction._proof_2
DECL|definition|Riemann.CCM.InverseEnergyData.noConfusionType
DECL|definition|Riemann.Arithmetic.synthesis
DECL|theorem|Riemann.Capacity.PositivePencil.orthogonalSum._proof_3
DECL|theorem|Riemann.Analysis.hasDerivAt_frozenSourceGram
DECL|theorem|Riemann.Analysis.FiniteWindow.scaleCoefficients._proof_2
DECL|theorem|Riemann.Basic.PositiveSchur.ThreeData.short_transitivity._abel_1_3
DECL|theorem|Riemann.Analysis.FiniteWindow.integrableOn_real_kernel_shift
DECL|definition|Riemann.CCM.Native.LowIndex
DECL|theorem|Riemann.Analysis.HalfLine.criticalPolar.eq_1
DECL|theorem|Riemann.Analysis.FiniteWindow.fourierInclusion._proof_9
DECL|theorem|Riemann.Analysis.FiniteWindow.nativeCompletedCompression._proof_1
DECL|definition|Riemann.CCM.Native.highSynthesisLinear
DECL|theorem|Riemann.Capacity.PositivePencil.pencil._proof_3
DECL|theorem|Riemann.Analysis.FiniteWindow.polarOperator._proof_2
DECL|theorem|Riemann.Analysis.FiniteWindow.nativeCompression._proof_24
DECL|theorem|Riemann.Analysis.FiniteWindow.nativeGammaCompression._proof_17
DECL|theorem|Riemann.Analysis.HalfLine.operator_ext_finite
DECL|theorem|Riemann.Analysis.FiniteWindow.re_div_I_real._simp_1_7
DECL|theorem|Riemann.Analysis.FiniteWindow.shift_commute
DECL|theorem|Riemann.CCM.InverseEnergyData.continuousAt_boundaryCorrection
DECL|theorem|Riemann.Capacity.GraphData.selfK
DECL|theorem|Riemann.CCM.Native.fourierFunction_zero
DECL|theorem|Riemann.CCM.FullSimpleEvenData.complementCorrected_symmetric
DECL|theorem|Riemann.Analysis.HalfLine.compactSupport._proof_1
DECL|theorem|Riemann.Capacity.PositivePencil.pencil_apply
DECL|theorem|Riemann.CCM.Native.cot_pair_imaginary._simp_1_3
DECL|theorem|Riemann.Analysis.FiniteWindow.HasGenerator.volterra_inverse
DECL|theorem|Riemann.CCM.Native.native_displacement._simp_1_7
DECL|theorem|Riemann.Analysis.FiniteWindow.gammaDerivative_commute_primeOperator
DECL|theorem|Riemann.CCM.InverseEnergyData.boundaryCorrection_second_derivative._simp_1_4
DECL|theorem|Riemann.Analysis.FiniteWindow.nativeRealVolterraCoefficients_diagonal
DECL|definition|Riemann.Analysis.HalfLine.boxFunction
DECL|theorem|Riemann.Analysis.FiniteWindow.polarKernel.eq_1
DECL|theorem|Riemann.CCM.Native.lowHighIndexEquiv._proof_9
DECL|theorem|Riemann.CCM.Native.lowHighIndexEquiv.eq_1
DECL|theorem|Riemann.Arithmetic.primeEulerFactor_right_inverse
DECL|definition|Riemann.Analysis.StrongContractionFamily.integrationLinearMap
DECL|definition|Riemann.Basic.PositiveSchur.Data._sizeOf_inst
DECL|theorem|Riemann.Analysis.GammaCompletion.norm_baseDerivative_le
DECL|theorem|Riemann.Analysis.HalfLine.cut_smul
DECL|theorem|Riemann.Arithmetic.natLog_coe
DECL|theorem|Riemann.CCM.InverseEnergyData.logarithmicEnergy_identity._simp_1_7
DECL|theorem|Riemann.Analysis.FiniteWindow.fourierShiftCompression_entry_offDiagonal._simp_1_7
DECL|definition|Riemann.Analysis.StrongContractionFamily.integration
DECL|theorem|Riemann.CCM.FullSimpleEvenData.groundWeight_boundary
DECL|theorem|Riemann.CCM.Native.dimensionless_lattice_eq_cot._simp_1_4
DECL|theorem|Riemann.Analysis.FiniteWindow.addCoefficients._proof_2
DECL|definition|Riemann.Analysis.FiniteWindow.Hilbert
DECL|theorem|Riemann.Basic.PositiveSchur.ThreeData.successiveShort.eq_1
DECL|theorem|Riemann.CCM.Native.latticeTail_le._simp_1_4
DECL|theorem|Riemann.CCM.FullSimpleEvenData.boundaryCompressionEquiv_apply
DECL|definition|Riemann.CCM.InverseEnergyData.resolvent
DECL|definition|Riemann.Basic.PositiveSchur.Data.mk.noConfusion
DECL|theorem|Riemann.Analysis.HalfLine.killedShift_zero
DECL|theorem|Riemann.Analysis.FiniteWindow.nativeCompletedCompression._proof_12
DECL|definition|Riemann.CCM.FullSimpleEvenData.groundComplementLinearEquiv
DECL|inductive|Riemann.Capacity.GraphData
DECL|theorem|Riemann.Analysis.FiniteWindow.kernelOperator_commute_of_shift
DECL|theorem|Riemann.CCM.Native.native_displacement._simp_1_4
DECL|definition|Riemann.Analysis.FiniteWindow.gammaRemainder
DECL|definition|Riemann.CCM.Native.GroundAdmission.mk.noConfusion
DECL|theorem|Riemann.Analysis.StrongContractionFamily.integrationLinearMap.eq_1
DECL|theorem|Riemann.CCM.Native.latticeTail_le
DECL|theorem|Riemann.CCM.InverseEnergyData.boundaryCorrection_second_derivative._simp_1_7
DECL|theorem|Riemann.CCM.Native.oddHighProjection._proof_6
DECL|theorem|Riemann.Analysis.HalfLine.rawBoxScalar_le
DECL|definition|Riemann.CCM.InverseEnergyData.recOn
DECL|theorem|Riemann.CCM.FullSimpleEvenData.oddGraphData._proof_16
DECL|theorem|Riemann.Analysis.integral_L2_ae
DECL|definition|Riemann.CCM.Native.highSynthesis
DECL|theorem|Riemann.Capacity.GraphData.graphPencil._proof_3
DECL|theorem|Riemann.CCM.FullSimpleEvenData.oddGraphData._proof_25
DECL|theorem|Riemann.CCM.Native.latticeTail_zero_eq_hyperbolic._simp_1_2
DECL|definition|Riemann.CCM.Native.positiveLatticeWeight
DECL|theorem|Riemann.Analysis.FiniteWindow.completedDerivative_eq_neg_frame_current
DECL|definition|Riemann.Analysis.HalfLine.volterra
DECL|theorem|Riemann.Analysis.FiniteWindow.fourierShiftCompression._proof_4
DECL|theorem|Riemann.CCM.Native.zeroIndex._proof_2
DECL|theorem|Riemann.Analysis.FiniteWindow.integral_tail_product
DECL|theorem|Riemann.CCM.Native.weilMatrix_symmetric._simp_1_2
DECL|theorem|Riemann.Analysis.HalfLine.laplaceIntegral_tendsto
DECL|definition|Riemann.CCM.Native.nativeHighSource
DECL|theorem|Riemann.CCM.InverseEnergyData.determinantRatio_energy_ratio
DECL|theorem|Riemann.Basic.PositiveSchur.Data.short_apply
DECL|definition|Riemann.Capacity.PositivePencil.mk.noConfusion
DECL|theorem|Riemann.CCM.Native.sinc_at_lattice._simp_1_1
DECL|theorem|Riemann.CCM.Native.endpointVector_norm_sq
DECL|theorem|Riemann.Arithmetic.shiftAlgebra._proof_2
DECL|theorem|Riemann.Basic.columnMassSqrt_injective
DECL|definition|Riemann.Capacity.GraphData.mk._flat_ctor
DECL|theorem|Riemann.CCM.Native.constant_bright
DECL|theorem|Riemann.CCM.FullSimpleEvenData.groundComplementCore._proof_2
DECL|theorem|Riemann.Basic.PositiveSchur.Data.C_inverseC
DECL|theorem|Riemann.CCM.constantModeExample._proof_12
DECL|theorem|Riemann.CCM.FullSimpleEvenData.complementCorrected_projection_intertwines
DECL|theorem|Riemann.CCM.Native.highRealMass_pos
DECL|theorem|Riemann.Analysis.FiniteWindow.HasGenerator._proof_4
DECL|theorem|Riemann.Basic.positivePair_spectral_representation._simp_1_1
DECL|theorem|Riemann.Analysis.FiniteWindow.compensatedOrbit.eq_1
DECL|theorem|Riemann.Source.gramEquiv._proof_11
DECL|theorem|Riemann.Basic.PositiveSchur.ThreeData.ofBlocks._proof_8
DECL|theorem|Riemann.Basic.PositiveSchur.Space._proof_1
DECL|theorem|Riemann.Capacity.GraphData.pencilBlocks._proof_8
DECL|theorem|Riemann.CCM.Native.lowHighIndexEquiv._proof_3
DECL|theorem|Riemann.Arithmetic.synthesis_weightedShift_sum
DECL|theorem|Riemann.Analysis.FiniteWindow.nativeCompression._proof_9
DECL|theorem|Riemann.Basic.columnMass_nonneg
DECL|theorem|Riemann.CCM.FullSimpleEvenData.groundComplement_inner
DECL|theorem|Riemann.Arithmetic.shiftCharacter._proof_6
DECL|theorem|Riemann.CCM.Native.mem_oddHigh_zero
DECL|theorem|Riemann.CCM.Native.weilMatrix_symmetric._simp_1_8
DECL|theorem|Riemann.Analysis.HalfLine.smoothingOperator._proof_7
DECL|theorem|Riemann.CCM.FullSimpleEvenData.oddGraphData._proof_19
DECL|theorem|Riemann.CCM.InverseEnergyData.boundaryCorrection_second_derivative._simp_1_3
DECL|definition|Riemann.CCM.FullSimpleEvenData.instInnerProductSpaceComplexGroundComplement
DECL|theorem|Riemann.Capacity.lowIncl_injective
DECL|theorem|Riemann.Arithmetic.nativeMangoldtCurrent_sum
DECL|definition|Riemann.Analysis.HalfLine.rawEulerGraph
DECL|theorem|Riemann.Basic.columnMass.congr_simp
DECL|theorem|Riemann.Capacity.GraphData.zetaGraph.eq_1
DECL|theorem|Riemann.Analysis.FiniteWindow.fourierShiftCompression_entry_offDiagonal._simp_1_9
DECL|theorem|Riemann.Source.minimumNorm_isLeast
DECL|theorem|Riemann.Analysis.FiniteWindow.fourierInclusionLinearMap._proof_2
DECL|theorem|Riemann.Analysis.HalfLine.cutCLM._proof_1
DECL|definition|Riemann.Basic.projectorNormalized
DECL|theorem|Riemann.CCM.Native.highCoordinateEquiv_realSynthesis
DECL|theorem|Riemann.CCM.FullSimpleEvenData.mass_smul_boundarySection
DECL|theorem|Riemann.Analysis.FiniteWindow.nativeCompletedCompression._proof_16
DECL|definition|Riemann.Analysis.FiniteWindow.literalColumnMetric
DECL|theorem|Riemann.Basic.PositiveSchur.crossBlock._proof_4
DECL|theorem|Riemann.CCM.FullSimpleEvenData.groundComplementTopologyEquiv._proof_1
DECL|theorem|Riemann.CCM.FullSimpleEvenData.boundary_schur_complex._simp_1_1
DECL|theorem|Riemann.CCM.Native.native_corrected_eigenvalue_real
DECL|theorem|Riemann.Analysis.HalfLine.boxVector_tendsto_zero
DECL|theorem|Riemann.CCM.Native.latticeTail_zero_eq_cot._simp_1_1
DECL|theorem|Riemann.Analysis.FiniteWindow.primeOperator_euler_product
DECL|theorem|Riemann.Analysis.FiniteWindow.shift_weightedOrbit
DECL|definition|Riemann.CCM.Native.GroundAdmission.ground
DECL|theorem|Riemann.Capacity.highIncl_adjoint
DECL|theorem|Riemann.Analysis.FiniteWindow.gammaDerivative_commute_volterra
DECL|theorem|Riemann.Basic.hasDerivAt_inverseMatrixPencil
DECL|theorem|Riemann.CCM.InverseEnergyData.logarithmicEnergy_identity._simp_1_5
DECL|theorem|Riemann.CCM.FullSimpleEvenData.oddGraphData_coupling_bounds
DECL|theorem|Riemann.Analysis.FiniteWindow.gammaPositiveKernel_measurable
DECL|theorem|Riemann.Analysis.HalfLine.volterra_exponential._simp_1_4
DECL|theorem|Riemann.Basic.columnMassSqrt._proof_5
DECL|theorem|Riemann.CCM.Native.native_metric_intertwining
DECL|definition|Riemann.CCM.InverseEnergyData._sizeOf_1
DECL|theorem|Riemann.CCM.Native.integral_fourierFunction_centered._simp_1_2
DECL|theorem|Riemann.Arithmetic.shiftCharacter._proof_2
DECL|theorem|Riemann.Basic.PositiveSchur.block_coordinates
DECL|theorem|Riemann.Capacity.columnEnergy_boundaryCorrection._abel_1_1
DECL|theorem|Riemann.Analysis.FiniteWindow.gammaWeight._proof_1
DECL|theorem|Riemann.Analysis.HalfLine.smoothingKernel_eq_volterra
DECL|theorem|Riemann.Basic.PositiveSchur.ThreeData.ofBlocks._proof_4
DECL|theorem|Riemann.Analysis.FiniteWindow.nativeCurrentInclusion.congr_simp
